No,窗口开始 (ET),结果,开盘价 ($),结算价 ($),成交量 ($)
1,04-11 05:05:00,Up,72907.43,72925.56,101216.69
2,04-11 05:10:00,Down,72925.56,72840.59,78206.79
3,04-11 05:15:00,Down,72840.59,72837.23,102654.15
4,04-11 05:20:00,Up,72837.23,72876.74,75786.13
5,04-11 05:25:00,Up,72876.74,72898.26,77057.18
6,04-11 05:30:00,Down,72898.26,72892.89,75881.40
7,04-11 05:35:00,Down,72892.89,72838.78,63695.29
8,04-11 05:40:00,Down,72838.78,72810.82,96929.55
9,04-11 05:45:00,Up,72810.82,72813.34,89980.64
10,04-11 05:50:00,Up,72813.34,72854.80,51155.10
11,04-11 05:55:00,Up,72854.80,72869.95,107869.07
12,04-11 06:00:00,Up,72869.95,72870.88,97615.06
13,04-11 06:05:00,Up,72870.88,72908.23,72100.29
14,04-11 06:10:00,Down,72908.23,72897.07,67793.48
15,04-11 06:15:00,Down,72897.07,72872.51,105453.15
16,04-11 06:20:00,Up,72872.51,72894.88,67262.14
17,04-11 06:25:00,Down,72894.88,72861.30,82850.04
18,04-11 06:30:00,Up,72861.30,72866.98,73725.80
19,04-11 06:35:00,Up,72866.98,72876.38,61766.55
20,04-11 06:40:00,Up,72876.38,72880.04,83624.76
21,04-11 06:45:00,Up,72880.04,72881.73,79181.17
22,04-11 06:50:00,Up,72881.73,72937.85,67904.52
23,04-11 06:55:00,Down,72937.85,72937.40,86095.44
24,04-11 07:00:00,Up,72937.40,72952.18,81949.48
25,04-11 07:05:00,Down,72952.18,72941.69,107873.06
26,04-11 07:10:00,Up,72941.69,72950.45,105541.07
27,04-11 07:15:00,Down,72950.45,72923.58,74977.67
28,04-11 07:20:00,Down,72923.58,72849.59,71818.67
29,04-11 07:25:00,Up,72849.59,72892.08,69714.42
30,04-11 07:30:00,Up,72892.08,72923.58,74441.53
31,04-11 07:35:00,Down,72923.58,72911.89,92339.81
32,04-11 07:40:00,Up,72911.89,72989.88,62542.95
33,04-11 07:45:00,Down,72989.88,72985.01,89436.02
34,04-11 07:50:00,Down,72985.01,72955.56,80857.99
35,04-11 07:55:00,Up,72955.56,72967.23,91052.76
36,04-11 08:00:00,Down,72967.23,72843.08,109259.19
37,04-11 08:05:00,Down,72843.08,72784.18,85798.27
38,04-11 08:10:00,Down,72784.18,72633.93,145346.85
39,04-11 08:15:00,Up,72633.93,72789.47,75343.45
40,04-11 08:20:00,Down,72789.47,72702.92,84662.93
41,04-11 08:25:00,Down,72702.92,72642.66,87853.55
42,04-11 08:30:00,Down,72642.66,72626.86,97370.28
43,04-11 08:35:00,Up,72626.86,72660.07,81576.23
44,04-11 08:40:00,Up,72660.07,72697.23,95484.38
45,04-11 08:45:00,Up,72697.23,72726.44,85464.22
46,04-11 08:50:00,Down,72726.44,72697.86,83143.28
47,04-11 08:55:00,Down,72697.86,72685.31,97574.73
48,04-11 09:00:00,Up,72685.31,72697.51,94748.28
49,04-11 09:05:00,Up,72697.51,72745.96,89021.20
50,04-11 09:10:00,Down,72745.96,72731.99,68641.07
51,04-11 09:15:00,Up,72731.99,72751.93,81977.41
52,04-11 09:20:00,Up,72751.93,72767.61,126112.44
53,04-11 09:25:00,Down,72767.61,72741.03,67529.59
54,04-11 09:30:00,Down,72741.03,72728.28,95221.49
55,04-11 09:35:00,Down,72728.28,72663.79,107978.47
56,04-11 09:40:00,Up,72663.79,72680.82,85132.31
57,04-11 09:45:00,Down,72680.82,72667.64,118516.81
58,04-11 09:50:00,Up,72667.64,72743.32,72700.64
59,04-11 09:55:00,Down,72743.32,72726.67,111631.79
60,04-11 10:00:00,Up,72726.67,72736.26,120090.69
61,04-11 10:05:00,Down,72736.26,72716.22,74095.50
62,04-11 10:10:00,Up,72716.22,72731.14,77162.68
63,04-11 10:15:00,Up,72731.14,72829.03,121993.13
64,04-11 10:20:00,Down,72829.03,72795.51,63842.62
65,04-11 10:25:00,Down,72795.51,72785.49,183961.48
66,04-11 10:30:00,Up,72785.49,72810.03,76923.89
67,04-11 10:35:00,Up,72810.03,72815.00,104565.10
68,04-11 10:40:00,Down,72815.00,72795.11,86097.10
69,04-11 10:45:00,Down,72795.11,72785.22,247331.08
70,04-11 10:50:00,Up,72785.22,72854.04,85556.54
71,04-11 10:55:00,Up,72854.04,72885.85,95025.78
72,04-11 11:00:00,Up,72885.85,72886.29,197349.93
73,04-11 11:05:00,Down,72886.29,72873.47,82073.93
74,04-11 11:10:00,Up,72873.47,72904.74,66769.68
75,04-11 11:15:00,Up,72904.74,72937.76,90720.06
76,04-11 11:20:00,Down,72937.76,72887.83,59007.48
77,04-11 11:25:00,Up,72887.83,72909.81,77350.91
78,04-11 11:30:00,Down,72909.81,72892.02,78704.39
79,04-11 11:35:00,Up,72892.02,72953.21,71430.12
80,04-11 11:40:00,Up,72953.21,73131.28,132309.27
81,04-11 11:45:00,Up,73131.28,73188.60,132909.12
82,04-11 11:50:00,Down,73188.60,73106.44,108352.99
83,04-11 11:55:00,Down,73106.44,73063.62,102709.83
84,04-11 12:00:00,Down,73063.62,73056.57,106465.37
85,04-11 12:05:00,Down,73056.57,73028.21,81841.33
86,04-11 12:10:00,Up,73028.21,73036.25,108632.75
87,04-11 12:15:00,Down,73036.25,73010.80,83935.63
88,04-11 12:20:00,Up,73010.80,73124.74,74641.49
89,04-11 12:25:00,Down,73124.74,73101.36,77489.16
90,04-11 12:30:00,Up,73101.36,73187.17,97060.85
91,04-11 12:35:00,Down,73187.17,73151.09,86832.81
92,04-11 12:40:00,Up,73151.09,73175.99,81453.62
93,04-11 12:45:00,Down,73175.99,73122.05,99075.38
94,04-11 12:50:00,Down,73122.05,73106.37,69078.92
95,04-11 12:55:00,Up,73106.37,73117.68,95816.61
96,04-11 13:00:00,Down,73117.68,73072.94,106988.46
97,04-11 13:05:00,Up,73072.94,73117.57,76890.16
98,04-11 13:10:00,Up,73117.57,73141.55,92709.66
99,04-11 13:15:00,Up,73141.55,73203.36,74659.38
100,04-11 13:20:00,Up,73203.36,73222.37,95355.58
101,04-11 13:25:00,Up,73222.37,73224.74,103588.15
102,04-11 13:30:00,Up,73224.74,73314.51,119973.40
103,04-11 13:35:00,Up,73314.51,73612.51,271218.79
104,04-11 13:40:00,Down,73612.51,73489.16,102887.40
105,04-11 13:45:00,Up,73489.16,73574.97,128413.99
106,04-11 13:50:00,Down,73574.97,73540.90,101483.89
107,04-11 13:55:00,Up,73540.90,73576.05,77457.47
108,04-11 14:00:00,Down,73576.05,73559.67,104848.33
109,04-11 14:05:00,Up,73559.67,73729.04,120010.16
110,04-11 14:10:00,Down,73729.04,73596.30,107758.97
111,04-11 14:15:00,Down,73596.30,73562.78,96105.55
112,04-11 14:20:00,Down,73562.78,73547.82,79643.39
113,04-11 14:25:00,Up,73547.82,73645.96,60684.59
114,04-11 14:30:00,Up,73645.96,73727.47,108411.68
115,04-11 14:35:00,Down,73727.47,73690.74,94339.09
116,04-11 14:40:00,Up,73690.74,73719.13,75155.83
117,04-11 14:45:00,Down,73719.13,73671.36,83434.11
118,04-11 14:50:00,Up,73671.36,73676.68,97679.43
119,04-11 14:55:00,Up,73676.68,73706.88,76770.86
120,04-11 15:00:00,Down,73706.88,73562.11,79817.52
121,04-11 15:05:00,Up,73562.11,73615.86,82764.14
122,04-11 15:10:00,Down,73615.86,73524.61,87392.41
123,04-11 15:15:00,Down,73524.61,73486.31,91000.97
124,04-11 15:20:00,Down,73486.31,73444.22,80148.00
125,04-11 15:25:00,Down,73444.22,73443.14,93698.85
126,04-11 15:30:00,Down,73443.14,73280.79,219850.19
127,04-11 15:35:00,Up,73280.79,73332.55,104986.74
128,04-11 15:40:00,Up,73332.55,73384.81,81782.33
129,04-11 15:45:00,Up,73384.81,73436.01,85603.04
130,04-11 15:50:00,Down,73436.01,73407.90,109474.60
131,04-11 15:55:00,Down,73407.90,73320.86,69638.77
132,04-11 16:00:00,Up,73320.86,73328.14,131976.16
133,04-11 16:05:00,Up,73328.14,73433.46,83483.08
134,04-11 16:10:00,Up,73433.46,73443.99,109500.33
135,04-11 16:15:00,Down,73443.99,73425.52,89430.01
136,04-11 16:20:00,Down,73425.52,73368.70,105953.04
137,04-11 16:25:00,Up,73368.70,73369.34,69438.81
138,04-11 16:30:00,Up,73369.34,73435.51,77975.80
139,04-11 16:35:00,Up,73435.51,73447.21,89617.10
140,04-11 16:40:00,Up,73447.21,73465.56,93851.76
141,04-11 16:45:00,Down,73465.56,73441.76,113016.12
142,04-11 16:50:00,Up,73441.76,73524.68,98862.81
143,04-11 16:55:00,Down,73524.68,73454.79,87974.14
144,04-11 17:00:00,Up,73454.79,73502.60,200276.98
145,04-11 17:05:00,Up,73502.60,73557.14,95693.89
146,04-11 17:10:00,Down,73557.14,73526.59,69963.36
147,04-11 17:15:00,Down,73526.59,73517.08,104027.26
148,04-11 17:20:00,Down,73517.08,73477.91,86225.57
149,04-11 17:25:00,Down,73477.91,73475.18,115202.52
150,04-11 17:30:00,Down,73475.18,73344.57,129475.87
151,04-11 17:35:00,Down,73344.57,73312.86,119917.25
152,04-11 17:40:00,Up,73312.86,73356.86,86559.04
153,04-11 17:45:00,Up,73356.86,73375.40,199340.51
154,04-11 17:50:00,Down,73375.40,73291.76,80647.09
155,04-11 17:55:00,Up,73291.76,73397.24,142258.59
156,04-11 18:00:00,Down,73397.24,73135.76,162842.69
157,04-11 18:05:00,Down,73135.76,73021.90,181761.55
158,04-11 18:10:00,Up,73021.90,73073.13,131607.97
159,04-11 18:15:00,Up,73073.13,73147.48,124945.66
160,04-11 18:20:00,Up,73147.48,73229.23,161181.55
161,04-11 18:25:00,Down,73229.23,73167.93,108835.67
162,04-11 18:30:00,Down,73167.93,73142.73,100997.58
163,04-11 18:35:00,Up,73142.73,73160.82,102633.78
164,04-11 18:40:00,Down,73160.82,73099.41,77440.91
165,04-11 18:45:00,Down,73099.41,73094.46,122227.56
166,04-11 18:50:00,Down,73094.46,73038.30,108759.71
167,04-11 18:55:00,Up,73038.30,73071.43,100115.14
168,04-11 19:00:00,Down,73071.43,72925.24,140017.77
169,04-11 19:05:00,Up,72925.24,73034.31,173841.91
170,04-11 19:10:00,Down,73034.31,73032.46,143878.01
171,04-11 19:15:00,Down,73032.46,72990.31,91328.26
172,04-11 19:20:00,Up,72990.31,73107.74,125383.82
173,04-11 19:25:00,Down,73107.74,73105.39,135210.27
174,04-11 19:30:00,Up,73105.39,73107.57,91873.28
175,04-11 19:35:00,Down,73107.57,73050.78,115232.15
176,04-11 19:40:00,Down,73050.78,73046.82,196059.68
177,04-11 19:45:00,Down,73046.82,73043.34,129195.30
178,04-11 19:50:00,Up,73043.34,73074.74,64276.04
179,04-11 19:55:00,Up,73074.74,73102.83,114567.57
180,04-11 20:00:00,Down,73102.83,73071.13,126842.86
181,04-11 20:05:00,Up,73071.13,73094.40,99507.95
182,04-11 20:10:00,Up,73094.40,73106.26,164705.50
183,04-11 20:15:00,Down,73106.26,73090.92,97004.68
184,04-11 20:20:00,Down,73090.92,73073.60,114058.13
185,04-11 20:25:00,Down,73073.60,73043.74,87484.76
186,04-11 20:30:00,Down,73043.74,72684.73,104983.03
187,04-11 20:35:00,Down,72684.73,72265.99,203657.93
188,04-11 20:40:00,Down,72265.99,71753.00,128615.77
189,04-11 20:45:00,Down,71753.00,71438.77,129080.23
190,04-11 20:50:00,Up,71438.77,71697.67,138157.95
191,04-11 20:55:00,Down,71697.67,71667.65,110627.38
192,04-11 21:00:00,Down,71667.65,71461.33,125957.56
193,04-11 21:05:00,Up,71461.33,71628.22,108035.24
194,04-11 21:10:00,Up,71628.22,71808.50,185429.80
195,04-11 21:15:00,Up,71808.50,71869.61,111048.39
196,04-11 21:20:00,Down,71869.61,71781.73,96632.04
197,04-11 21:25:00,Up,71781.73,71803.26,87250.96
198,04-11 21:30:00,Up,71803.26,71918.92,85538.30
199,04-11 21:35:00,Down,71918.92,71865.73,68200.57
200,04-11 21:40:00,Up,71865.73,71914.42,83044.77
201,04-11 21:45:00,Down,71914.42,71846.24,90297.52
202,04-11 21:50:00,Down,71846.24,71814.07,135480.27
203,04-11 21:55:00,Down,71814.07,71789.37,96093.72
204,04-11 22:00:00,Up,71789.37,71858.87,89135.26
205,04-11 22:05:00,Down,71858.87,71761.83,90956.12
206,04-11 22:10:00,Up,71761.83,71791.59,128422.90
207,04-11 22:15:00,Down,71791.59,71703.18,80709.08
208,04-11 22:20:00,Down,71703.18,71655.25,93305.65
209,04-11 22:25:00,Up,71655.25,71751.98,92204.19
210,04-11 22:30:00,Down,71751.98,71684.18,111785.18
211,04-11 22:35:00,Up,71684.18,71690.65,102483.06
212,04-11 22:40:00,Up,71690.65,71694.70,61554.86
213,04-11 22:45:00,Down,71694.70,71676.37,97907.66
214,04-11 22:50:00,Up,71676.37,71678.50,85993.50
215,04-11 22:55:00,Down,71678.50,71620.66,97245.75
216,04-11 23:00:00,Up,71620.66,71662.13,109907.00
217,04-11 23:05:00,Down,71662.13,71599.84,124137.56
218,04-11 23:10:00,Up,71599.84,71614.38,151858.07
219,04-11 23:15:00,Down,71614.38,71547.13,112892.54
220,04-11 23:20:00,Up,71547.13,71555.95,100626.03
221,04-11 23:25:00,Down,71555.95,71540.12,138721.30
222,04-11 23:30:00,Up,71540.12,71581.42,117499.49
223,04-11 23:35:00,Down,71581.42,71579.40,80147.42
224,04-11 23:40:00,Up,71579.40,71586.85,135799.82
225,04-11 23:45:00,Down,71586.85,71586.83,170236.27
226,04-11 23:50:00,Down,71586.83,71509.23,135403.12
227,04-11 23:55:00,Down,71509.23,71491.16,90384.95
228,04-12 00:00:00,Up,71491.16,71522.19,106378.48
229,04-12 00:05:00,Up,71522.19,71581.15,113874.94
230,04-12 00:10:00,Down,71581.15,71533.81,96669.44
231,04-12 00:15:00,Up,71533.81,71545.45,142873.52
232,04-12 00:20:00,Up,71545.45,71672.92,147311.67
233,04-12 00:25:00,Up,71672.92,71694.00,92672.41
234,04-12 00:30:00,Down,71694.00,71677.39,224375.11
235,04-12 00:35:00,Up,71677.39,71685.21,125791.00
236,04-12 00:40:00,Down,71685.21,71674.09,57340.87
237,04-12 00:45:00,Up,71674.09,71766.10,115056.17
238,04-12 00:50:00,Down,71766.10,71724.06,130747.17
239,04-12 00:55:00,Up,71724.06,71727.71,85798.13
240,04-12 01:00:00,Up,71727.71,71736.27,85068.82
241,04-12 01:05:00,Down,71736.27,71728.02,109264.34
242,04-12 01:10:00,Up,71728.02,71764.50,90558.79
243,04-12 01:15:00,Down,71764.50,71715.75,98132.28
244,04-12 01:20:00,Up,71715.75,71727.88,92862.78
245,04-12 01:25:00,Up,71727.88,71731.44,133239.90
246,04-12 01:30:00,Down,71731.44,71680.52,52475.55
247,04-12 01:35:00,Up,71680.52,71681.84,68039.89
248,04-12 01:40:00,Down,71681.84,71680.91,51122.84
249,04-12 01:45:00,Up,71680.91,71681.00,84911.09
250,04-12 01:50:00,Up,71681.00,71685.14,109847.19
251,04-12 01:55:00,Down,71685.14,71683.64,102640.74
252,04-12 02:00:00,Down,71683.64,71626.35,92014.58
253,04-12 02:05:00,Up,71626.35,71658.08,100703.49
254,04-12 02:10:00,Down,71658.08,71652.33,111177.93
255,04-12 02:15:00,Up,71652.33,71655.49,105142.73
256,04-12 02:20:00,Down,71655.49,71642.54,93666.65
257,04-12 02:25:00,Up,71642.54,71654.39,87744.38
258,04-12 02:30:00,Up,71654.39,71668.31,75246.52
259,04-12 02:35:00,Up,71668.31,71740.93,151762.59
260,04-12 02:40:00,Up,71740.93,71765.61,105113.68
261,04-12 02:45:00,Down,71765.61,71721.47,89720.43
262,04-12 02:50:00,Up,71721.47,71758.51,67628.90
263,04-12 02:55:00,Down,71758.51,71696.74,93622.22
264,04-12 03:00:00,Down,71696.74,71682.77,194179.83
265,04-12 03:05:00,Up,71682.77,71685.47,206057.41
266,04-12 03:10:00,Down,71685.47,71673.97,81200.44
267,04-12 03:15:00,Down,71673.97,71662.99,178468.73
268,04-12 03:20:00,Up,71662.99,71725.37,62904.15
269,04-12 03:25:00,Down,71725.37,71724.60,62721.74
270,04-12 03:30:00,Down,71724.60,71718.31,63730.89
271,04-12 03:35:00,Up,71718.31,71765.92,79127.92
272,04-12 03:40:00,Down,71765.92,71765.80,117425.28
273,04-12 03:45:00,Down,71765.80,71644.46,73892.86
274,04-12 03:50:00,Down,71644.46,71632.86,63445.17
275,04-12 03:55:00,Up,71632.86,71654.62,62136.05
276,04-12 04:00:00,Down,71654.62,71592.89,70016.00
277,04-12 04:05:00,Up,71592.89,71595.01,72302.61
278,04-12 04:10:00,Up,71595.01,71615.84,58403.50
279,04-12 04:15:00,Up,71615.84,71625.64,57446.67
280,04-12 04:20:00,Up,71625.64,71637.68,66969.65
281,04-12 04:25:00,Down,71637.68,71620.48,99444.29
282,04-12 04:30:00,Up,71620.48,71646.77,52260.69
283,04-12 04:35:00,Up,71646.77,71647.48,162606.45
284,04-12 04:40:00,Down,71647.48,71601.67,58260.75
285,04-12 04:45:00,Down,71601.67,71552.29,69334.68
286,04-12 04:50:00,Up,71552.29,71569.57,58882.84
287,04-12 04:55:00,Down,71569.57,71560.68,74689.01
288,04-12 05:00:00,Down,71560.68,71558.27,67954.79
289,04-12 05:05:00,Up,71558.27,71708.06,59350.96
290,04-12 05:10:00,Down,71708.06,71652.71,52720.11
291,04-12 05:15:00,Up,71652.71,71669.31,48523.63
292,04-12 05:20:00,Up,71669.31,71674.49,51972.63
293,04-12 05:25:00,Down,71674.49,71634.57,61073.49
294,04-12 05:30:00,Down,71634.57,71616.18,59028.76
295,04-12 05:35:00,Down,71616.18,71561.07,62302.10
296,04-12 05:40:00,Down,71561.07,71547.37,68041.01
297,04-12 05:45:00,Down,71547.37,71521.26,83915.99
298,04-12 05:50:00,Down,71521.26,71409.91,112433.92
299,04-12 05:55:00,Up,71409.91,71478.75,107628.54
300,04-12 06:00:00,Down,71478.75,71469.54,109377.71
301,04-12 06:05:00,Down,71469.54,71461.60,85022.90
302,04-12 06:10:00,Up,71461.60,71538.57,83689.52
303,04-12 06:15:00,Up,71538.57,71539.98,85963.71
304,04-12 06:20:00,Down,71539.98,71508.39,106907.28
305,04-12 06:25:00,Up,71508.39,71543.37,62651.34
306,04-12 06:30:00,Down,71543.37,71444.65,74551.62
307,04-12 06:35:00,Up,71444.65,71463.79,69980.94
308,04-12 06:40:00,Up,71463.79,71473.55,57249.21
309,04-12 06:45:00,Down,71473.55,71469.98,84095.01
310,04-12 06:50:00,Up,71469.98,71500.12,41865.19
311,04-12 06:55:00,Down,71500.12,71493.33,67342.21
312,04-12 07:00:00,Down,71493.33,71420.25,70761.79
313,04-12 07:05:00,Down,71420.25,71397.57,77564.57
314,04-12 07:10:00,Up,71397.57,71427.87,95983.71
315,04-12 07:15:00,Up,71427.87,71459.49,79594.16
316,04-12 07:20:00,Down,71459.49,71446.48,69024.50
317,04-12 07:25:00,Down,71446.48,71435.60,57478.03
318,04-12 07:30:00,Down,71435.60,71387.40,88433.89
319,04-12 07:35:00,Up,71387.40,71505.99,51749.05
320,04-12 07:40:00,Up,71505.99,71513.51,80231.33
321,04-12 07:45:00,Down,71513.51,71447.95,49357.63
322,04-12 07:50:00,Down,71447.95,71174.34,128042.37
323,04-12 07:55:00,Down,71174.34,71115.08,137338.05
324,04-12 08:00:00,Down,71115.08,71045.22,245312.89
325,04-12 08:05:00,Up,71045.22,71150.08,100383.57
326,04-12 08:10:00,Down,71150.08,71014.32,75370.58
327,04-12 08:15:00,Up,71014.32,71080.13,81599.99
328,04-12 08:20:00,Up,71080.13,71128.71,70816.03
329,04-12 08:25:00,Down,71128.71,71079.03,85717.20
330,04-12 08:30:00,Up,71079.03,71095.49,118630.12
331,04-12 08:35:00,Down,71095.49,70996.11,84132.40
332,04-12 08:40:00,Up,70996.11,71008.80,88638.67
333,04-12 08:45:00,Up,71008.80,71013.42,104652.72
334,04-12 08:50:00,Down,71013.42,70933.77,106638.63
335,04-12 08:55:00,Down,70933.77,70917.37,90855.07
336,04-12 09:00:00,Up,70917.37,70963.55,86532.47
337,04-12 09:05:00,Up,70963.55,71020.74,75942.02
338,04-12 09:10:00,Down,71020.74,71012.70,84712.08
339,04-12 09:15:00,Up,71012.70,71054.86,75729.19
340,04-12 09:20:00,Up,71054.86,71099.16,109948.64
341,04-12 09:25:00,Up,71099.16,71103.78,98617.74
342,04-12 09:30:00,Down,71103.78,71065.48,110949.64
343,04-12 09:35:00,Down,71065.48,70940.81,73470.50
344,04-12 09:40:00,Down,70940.81,70875.12,156327.60
345,04-12 09:45:00,Down,70875.12,70792.05,103118.40
346,04-12 09:50:00,Down,70792.05,70744.87,100981.78
347,04-12 09:55:00,Up,70744.87,70769.80,106054.54
348,04-12 10:00:00,Up,70769.80,70815.77,86432.50
349,04-12 10:05:00,Down,70815.77,70789.63,73176.81
350,04-12 10:10:00,Up,70789.63,70857.47,78180.87
351,04-12 10:15:00,Down,70857.47,70813.35,88487.08
352,04-12 10:20:00,Down,70813.35,70780.66,87448.46
353,04-12 10:25:00,Down,70780.66,70741.58,93299.86
354,04-12 10:30:00,Up,70741.58,70814.72,125370.82
355,04-12 10:35:00,Up,70814.72,70855.99,78963.22
356,04-12 10:40:00,Up,70855.99,70898.29,89708.97
357,04-12 10:45:00,Up,70898.29,70911.26,88925.01
358,04-12 10:50:00,Up,70911.26,70941.14,87670.44
359,04-12 10:55:00,Down,70941.14,70916.18,69924.01
360,04-12 11:00:00,Up,70916.18,70973.60,91670.51
361,04-12 11:05:00,Down,70973.60,70878.24,74973.88
362,04-12 11:10:00,Up,70878.24,70958.54,78551.72
363,04-12 11:15:00,Down,70958.54,70901.36,68833.47
364,04-12 11:20:00,Up,70901.36,70963.06,82501.63
365,04-12 11:25:00,Down,70963.06,70954.73,94389.85
366,04-12 11:30:00,Up,70954.73,70963.13,80681.06
367,04-12 11:35:00,Down,70963.13,70919.52,96503.32
368,04-12 11:40:00,Down,70919.52,70901.68,95439.95
369,04-12 11:45:00,Down,70901.68,70882.61,92356.58
370,04-12 11:50:00,Up,70882.61,70910.02,82326.76
371,04-12 11:55:00,Up,70910.02,70959.41,113121.24
372,04-12 12:00:00,Up,70959.41,70992.26,116141.33
373,04-12 12:05:00,Up,70992.26,70998.94,71766.80
374,04-12 12:10:00,Down,70998.94,70927.85,70217.20
375,04-12 12:15:00,Up,70927.85,70971.82,62707.19
376,04-12 12:20:00,Up,70971.82,70991.92,87292.78
377,04-12 12:25:00,Up,70991.92,71021.45,84400.04
378,04-12 12:30:00,Down,71021.45,71015.37,117744.54
379,04-12 12:35:00,Up,71015.37,71031.69,149945.72
380,04-12 12:40:00,Up,71031.69,71039.64,145112.48
381,04-12 12:45:00,Up,71039.64,71041.14,174241.89
382,04-12 12:50:00,Up,71041.14,71151.31,131741.46
383,04-12 12:55:00,Up,71151.31,71164.94,191079.25
384,04-12 13:00:00,Up,71164.94,71175.80,204854.88
385,04-12 13:05:00,Up,71175.80,71182.01,176484.91
386,04-12 13:10:00,Up,71182.01,71200.06,143863.49
387,04-12 13:15:00,Down,71200.06,71124.18,142397.82
388,04-12 13:20:00,Up,71124.18,71128.96,118564.43
389,04-12 13:25:00,Down,71128.96,71113.63,151148.49
390,04-12 13:30:00,Up,71113.63,71176.06,72103.50
391,04-12 13:35:00,Up,71176.06,71217.60,69436.14
392,04-12 13:40:00,Down,71217.60,71145.34,171241.82
393,04-12 13:45:00,Up,71145.34,71146.95,76787.50
394,04-12 13:50:00,Up,71146.95,71165.57,66900.04
395,04-12 13:55:00,Down,71165.57,71159.71,61253.82
396,04-12 14:00:00,Up,71159.71,71177.62,57016.26
397,04-12 14:05:00,Down,71177.62,71176.02,128318.76
398,04-12 14:10:00,Down,71176.02,71161.74,143318.11
399,04-12 14:15:00,Up,71161.74,71170.96,114489.00
400,04-12 14:20:00,Up,71170.96,71183.34,56525.94
401,04-12 14:25:00,Up,71183.34,71190.81,92465.53
402,04-12 14:30:00,Down,71190.81,71189.83,156039.27
403,04-12 14:35:00,Down,71189.83,71144.92,166108.91
404,04-12 14:40:00,Down,71144.92,71132.39,177757.28
405,04-12 14:45:00,Up,71132.39,71143.87,124144.63
406,04-12 14:50:00,Up,71143.87,71147.62,218952.20
407,04-12 14:55:00,Down,71147.62,71114.84,87849.16
408,04-12 15:00:00,Down,71114.84,71103.77,73406.31
409,04-12 15:05:00,Down,71103.77,71029.75,122704.39
410,04-12 15:10:00,Up,71029.75,71039.89,108283.86
411,04-12 15:15:00,Down,71039.89,71039.08,203568.86
412,04-12 15:20:00,Up,71039.08,71073.91,81423.29
413,04-12 15:25:00,Up,71073.91,71076.99,60409.90
414,04-12 15:30:00,Up,71076.99,71162.25,69922.63
415,04-12 15:35:00,Up,71162.25,71171.71,81576.53
416,04-12 15:40:00,Up,71171.71,71342.09,106141.20
417,04-12 15:45:00,Down,71342.09,71264.14,176961.11
418,04-12 15:50:00,Up,71264.14,71334.62,133310.22
419,04-12 15:55:00,Up,71334.62,71358.03,84008.70
420,04-12 16:00:00,Up,71358.03,71434.24,85066.79
421,04-12 16:05:00,Down,71434.24,71335.34,129629.29
422,04-12 16:10:00,Down,71335.34,71236.09,177128.26
423,04-12 16:15:00,Up,71236.09,71329.09,84384.19
424,04-12 16:20:00,Up,71329.09,71341.16,185747.59
425,04-12 16:25:00,Down,71341.16,71329.03,75858.16
426,04-12 16:30:00,Down,71329.03,71266.56,114053.34
427,04-12 16:35:00,Up,71266.56,71350.73,71694.50
428,04-12 16:40:00,Down,71350.73,71330.67,74976.00
429,04-12 16:45:00,Down,71330.67,71245.90,70226.87
430,04-12 16:50:00,Down,71245.90,71244.88,93416.14
431,04-12 16:55:00,Up,71244.88,71386.89,68109.95
432,04-12 17:00:00,Down,71386.89,70755.17,148208.72
433,04-12 17:05:00,Up,70755.17,70940.41,103403.46
434,04-12 17:10:00,Up,70940.41,70960.90,167997.08
435,04-12 17:15:00,Down,70960.90,70736.49,118012.68
436,04-12 17:20:00,Up,70736.49,70779.17,91910.41
437,04-12 17:25:00,Down,70779.17,70670.13,124183.41
438,04-12 17:30:00,Up,70670.13,70761.16,148588.54
439,04-12 17:35:00,Up,70761.16,70874.61,62770.93
440,04-12 17:40:00,Down,70874.61,70825.59,93698.21
441,04-12 17:45:00,Down,70825.59,70792.34,121133.80
442,04-12 17:50:00,Up,70792.34,70853.10,71094.42
443,04-12 17:55:00,Up,70853.10,70916.52,75780.99
444,04-12 18:00:00,Down,70916.52,70792.51,139072.15
445,04-12 18:05:00,Down,70792.51,70757.56,110933.77
446,04-12 18:10:00,Down,70757.56,70645.92,93122.84
447,04-12 18:15:00,Up,70645.92,70701.64,125192.07
448,04-12 18:20:00,Down,70701.64,70625.87,132374.50
449,04-12 18:25:00,Up,70625.87,70721.27,127384.36
450,04-12 18:30:00,Down,70721.27,70588.31,95500.92
451,04-12 18:35:00,Up,70588.31,70646.42,85496.33
452,04-12 18:40:00,Up,70646.42,70734.50,82843.65
453,04-12 18:45:00,Down,70734.50,70605.41,119927.62
454,04-12 18:50:00,Up,70605.41,70733.52,99327.26
455,04-12 18:55:00,Up,70733.52,70747.72,100809.55
456,04-12 19:00:00,Down,70747.72,70695.73,89115.06
457,04-12 19:05:00,Up,70695.73,70894.12,61256.73
458,04-12 19:10:00,Up,70894.12,70918.37,72451.27
459,04-12 19:15:00,Down,70918.37,70852.10,63840.63
460,04-12 19:20:00,Up,70852.10,70929.33,100293.36
461,04-12 19:25:00,Up,70929.33,70988.45,119249.24
462,04-12 19:30:00,Up,70988.45,71087.05,135233.69
463,04-12 19:35:00,Down,71087.05,71061.37,184973.77
464,04-12 19:40:00,Up,71061.37,71072.19,113453.88
465,04-12 19:45:00,Up,71072.19,71141.62,89883.10
466,04-12 19:50:00,Up,71141.62,71214.93,133136.18
467,04-12 19:55:00,Down,71214.93,71181.54,93556.56
468,04-12 20:00:00,Down,71181.54,71180.22,96202.21
469,04-12 20:05:00,Down,71180.22,71135.73,109083.67
470,04-12 20:10:00,Up,71135.73,71141.00,133327.61
471,04-12 20:15:00,Down,71141.00,71116.21,155964.48
472,04-12 20:20:00,Down,71116.21,71099.46,130375.22
473,04-12 20:25:00,Up,71099.46,71106.26,224676.27
474,04-12 20:30:00,Up,71106.26,71155.07,95091.94
475,04-12 20:35:00,Down,71155.07,71128.21,136024.75
476,04-12 20:40:00,Up,71128.21,71160.92,72481.43
477,04-12 20:45:00,Down,71160.92,71146.98,81857.87
478,04-12 20:50:00,Down,71146.98,71132.00,96907.81
479,04-12 20:55:00,Up,71132.00,71204.73,83795.77
480,04-12 21:00:00,Down,71204.73,71178.08,103606.81
481,04-12 21:05:00,Down,71178.08,71140.80,61005.57
482,04-12 21:10:00,Down,71140.80,71015.19,159219.71
483,04-12 21:15:00,Up,71015.19,71066.78,88401.63
484,04-12 21:20:00,Up,71066.78,71135.89,46569.88
485,04-12 21:25:00,Up,71135.89,71230.88,71204.77
486,04-12 21:30:00,Down,71230.88,71210.10,93655.80
487,04-12 21:35:00,Down,71210.10,71070.00,68546.82
488,04-12 21:40:00,Down,71070.00,71063.13,125387.71
489,04-12 21:45:00,Up,71063.13,71066.16,104054.48
490,04-12 21:50:00,Up,71066.16,71078.51,101866.98
491,04-12 21:55:00,Up,71078.51,71088.00,100707.41
492,04-12 22:00:00,Up,71088.00,71128.03,177863.55
493,04-12 22:05:00,Down,71128.03,71045.89,78381.36
494,04-12 22:10:00,Up,71045.89,71070.04,93811.30
495,04-12 22:15:00,Up,71070.04,71146.47,94112.94
496,04-12 22:20:00,Down,71146.47,71026.68,60194.59
497,04-12 22:25:00,Up,71026.68,71045.89,91228.99
498,04-12 22:30:00,Down,71045.89,71036.20,78083.27
499,04-12 22:35:00,Down,71036.20,70964.22,121494.14
500,04-12 22:40:00,Up,70964.22,70986.43,69038.53
501,04-12 22:45:00,Down,70986.43,70969.75,93656.24
502,04-12 22:50:00,Up,70969.75,70992.23,56992.08
503,04-12 22:55:00,Down,70992.23,70987.88,88174.26
504,04-12 23:00:00,Up,70987.88,70992.03,94480.21
505,04-12 23:05:00,Down,70992.03,70952.60,86850.12
506,04-12 23:10:00,Up,70952.60,70959.09,86335.51
507,04-12 23:15:00,Up,70959.09,70969.33,81006.62
508,04-12 23:20:00,Up,70969.33,70974.10,96702.80
509,04-12 23:25:00,Up,70974.10,71039.48,78242.26
510,04-12 23:30:00,Up,71039.48,71102.94,77054.36
511,04-12 23:35:00,Up,71102.94,71123.42,100358.01
512,04-12 23:40:00,Down,71123.42,71027.88,107380.12
513,04-12 23:45:00,Down,71027.88,70968.92,99003.66
514,04-12 23:50:00,Down,70968.92,70924.24,128659.88
515,04-12 23:55:00,Down,70924.24,70900.84,115104.52
516,04-13 00:00:00,Down,70900.84,70891.04,113098.10
517,04-13 00:05:00,Down,70891.04,70826.32,99224.80
518,04-13 00:10:00,Up,70826.32,70830.30,175421.02
519,04-13 00:15:00,Up,70830.30,70834.42,65598.35
520,04-13 00:20:00,Up,70834.42,70844.42,85474.86
521,04-13 00:25:00,Up,70844.42,70866.89,81946.96
522,04-13 00:30:00,Down,70866.89,70794.78,113564.98
523,04-13 00:35:00,Down,70794.78,70714.85,122385.22
524,04-13 00:40:00,Up,70714.85,70752.27,72791.58
525,04-13 00:45:00,Up,70752.27,70828.68,105546.69
526,04-13 00:50:00,Up,70828.68,70850.32,95283.38
527,04-13 00:55:00,Up,70850.32,70890.49,106027.75
528,04-13 01:00:00,Up,70890.49,70983.87,138298.01
529,04-13 01:05:00,Up,70983.87,70999.82,82382.92
530,04-13 01:10:00,Up,70999.82,71013.28,109783.23
531,04-13 01:15:00,Up,71013.28,71047.93,112361.67
532,04-13 01:20:00,Up,71047.93,71076.57,103780.23
533,04-13 01:25:00,Down,71076.57,71030.17,130195.89
534,04-13 01:30:00,Down,71030.17,71022.90,138644.89
535,04-13 01:35:00,Up,71022.90,71055.81,91989.47
536,04-13 01:40:00,Down,71055.81,71052.85,108849.54
537,04-13 01:45:00,Up,71052.85,71055.08,105235.98
538,04-13 01:50:00,Down,71055.08,71037.53,74253.95
539,04-13 01:55:00,Down,71037.53,71032.42,76241.97
540,04-13 02:00:00,Down,71032.42,71015.88,94416.96
541,04-13 02:05:00,Down,71015.88,70930.57,117114.53
542,04-13 02:10:00,Down,70930.57,70908.25,100616.05
543,04-13 02:15:00,Down,70908.25,70862.89,82901.81
544,04-13 02:20:00,Down,70862.89,70718.58,118697.90
545,04-13 02:25:00,Up,70718.58,70719.99,139679.66
546,04-13 02:30:00,Down,70719.99,70718.24,96510.15
547,04-13 02:35:00,Up,70718.24,70793.47,137614.21
548,04-13 02:40:00,Down,70793.47,70782.06,123821.22
549,04-13 02:45:00,Up,70782.06,70787.96,113241.06
550,04-13 02:50:00,Down,70787.96,70787.32,146260.30
551,04-13 02:55:00,Up,70787.32,70828.23,86667.29
552,04-13 03:00:00,Up,70828.23,70856.40,130378.83
553,04-13 03:05:00,Down,70856.40,70745.61,119350.11
554,04-13 03:10:00,Down,70745.61,70735.47,90894.55
555,04-13 03:15:00,Down,70735.47,70688.32,95761.09
556,04-13 03:20:00,Up,70688.32,70763.62,97428.41
557,04-13 03:25:00,Up,70763.62,70766.11,105492.51
558,04-13 03:30:00,Down,70766.11,70742.78,85381.24
559,04-13 03:35:00,Down,70742.78,70700.47,89488.86
560,04-13 03:40:00,Down,70700.47,70607.10,141752.07
561,04-13 03:45:00,Up,70607.10,70629.18,98469.00
562,04-13 03:50:00,Up,70629.18,70651.83,115300.35
563,04-13 03:55:00,Up,70651.83,70689.53,81699.65
564,04-13 04:00:00,Up,70689.53,70838.67,156595.09
565,04-13 04:05:00,Down,70838.67,70709.80,112994.96
566,04-13 04:10:00,Up,70709.80,70717.51,87360.60
567,04-13 04:15:00,Down,70717.51,70698.43,129908.41
568,04-13 04:20:00,Up,70698.43,70752.92,75619.53
569,04-13 04:25:00,Up,70752.92,70798.03,73759.89
570,04-13 04:30:00,Up,70798.03,70821.70,85546.11
571,04-13 04:35:00,Down,70821.70,70815.43,101531.66
572,04-13 04:40:00,Down,70815.43,70798.03,103972.38
573,04-13 04:45:00,Down,70798.03,70785.30,78600.67
574,04-13 04:50:00,Down,70785.30,70779.50,72232.76
575,04-13 04:55:00,Up,70779.50,70802.70,74891.04
576,04-13 05:00:00,Down,70802.70,70794.39,115039.99
577,04-13 05:05:00,Up,70794.39,70816.61,108379.27
578,04-13 05:10:00,Up,70816.61,70826.83,81979.80
579,04-13 05:15:00,Down,70826.83,70785.54,80578.34
580,04-13 05:20:00,Down,70785.54,70751.79,80448.40
581,04-13 05:25:00,Up,70751.79,70769.82,89138.23
582,04-13 05:30:00,Down,70769.82,70752.31,98680.58
583,04-13 05:35:00,Up,70752.31,70844.15,97280.68
584,04-13 05:40:00,Down,70844.15,70777.59,75819.55
585,04-13 05:45:00,Down,70777.59,70774.99,104355.05
586,04-13 05:50:00,Down,70774.99,70728.69,80694.31
587,04-13 05:55:00,Up,70728.69,70749.84,87877.53
588,04-13 06:00:00,Up,70749.84,70844.75,86328.84
589,04-13 06:05:00,Up,70844.75,70856.51,122309.91
590,04-13 06:10:00,Up,70856.51,70877.06,77748.05
591,04-13 06:15:00,Down,70877.06,70868.45,92373.69
592,04-13 06:20:00,Down,70868.45,70866.92,127055.14
593,04-13 06:25:00,Up,70866.92,70874.15,85097.26
594,04-13 06:30:00,Down,70874.15,70850.30,94617.79
595,04-13 06:35:00,Up,70850.30,70850.52,101969.29
596,04-13 06:40:00,Up,70850.52,70943.01,127425.41
597,04-13 06:45:00,Down,70943.01,70931.19,105031.23
598,04-13 06:50:00,Up,70931.19,70959.39,100651.14
599,04-13 06:55:00,Down,70959.39,70934.31,76373.94
600,04-13 07:00:00,Down,70934.31,70863.26,132084.23
601,04-13 07:05:00,Up,70863.26,71021.67,206569.44
602,04-13 07:10:00,Down,71021.67,70972.63,90123.50
603,04-13 07:15:00,Down,70972.63,70941.94,82528.30
604,04-13 07:20:00,Down,70941.94,70902.21,82020.25
605,04-13 07:25:00,Down,70902.21,70864.32,75279.27
606,04-13 07:30:00,Up,70864.32,70872.08,147411.47
607,04-13 07:35:00,Down,70872.08,70811.88,91621.80
608,04-13 07:40:00,Up,70811.88,70843.47,101611.15
609,04-13 07:45:00,Up,70843.47,70895.65,82909.55
610,04-13 07:50:00,Up,70895.65,71216.36,117146.88
611,04-13 07:55:00,Down,71216.36,71087.60,130926.90
612,04-13 08:00:00,Up,71087.60,71177.59,107210.83
613,04-13 08:05:00,Down,71177.59,71102.61,136884.72
614,04-13 08:10:00,Up,71102.61,71213.48,87548.88
615,04-13 08:15:00,Down,71213.48,71206.60,119777.66
616,04-13 08:20:00,Up,71206.60,71229.30,112439.83
617,04-13 08:25:00,Down,71229.30,71193.59,140049.74
618,04-13 08:30:00,Down,71193.59,71109.19,136640.48
619,04-13 08:35:00,Down,71109.19,70860.94,108554.57
620,04-13 08:40:00,Up,70860.94,71043.91,168846.08
621,04-13 08:45:00,Up,71043.91,71587.85,124663.20
622,04-13 08:50:00,Down,71587.85,71488.21,213566.66
623,04-13 08:55:00,Up,71488.21,71671.24,136876.28
624,04-13 09:00:00,Down,71671.24,71541.87,127961.33
625,04-13 09:05:00,Down,71541.87,71498.31,116348.77
626,04-13 09:10:00,Up,71498.31,71645.86,101869.33
627,04-13 09:15:00,Down,71645.86,71518.15,163196.53
628,04-13 09:20:00,Up,71518.15,71656.99,154172.21
629,04-13 09:25:00,Up,71656.99,71657.47,150867.52
630,04-13 09:30:00,Up,71657.47,71805.45,115541.25
631,04-13 09:35:00,Up,71805.45,71820.93,121796.17
632,04-13 09:40:00,Up,71820.93,72014.97,106143.12
633,04-13 09:45:00,Down,72014.97,71985.32,181390.60
634,04-13 09:50:00,Up,71985.32,72066.47,131668.87
635,04-13 09:55:00,Up,72066.47,72432.57,130792.52
636,04-13 10:00:00,Down,72432.57,72102.40,175482.33
637,04-13 10:05:00,Down,72102.40,72036.74,152612.61
638,04-13 10:10:00,Down,72036.74,71978.77,119235.05
639,04-13 10:15:00,Down,71978.77,71896.16,128722.06
640,04-13 10:20:00,Up,71896.16,71932.53,104561.97
641,04-13 10:25:00,Up,71932.53,71989.49,107795.75
642,04-13 10:30:00,Down,71989.49,71768.12,146088.15
643,04-13 10:35:00,Down,71768.12,71766.91,250349.98
644,04-13 10:40:00,Up,71766.91,71868.43,102322.88
645,04-13 10:45:00,Down,71868.43,71861.33,113688.20
646,04-13 10:50:00,Down,71861.33,71760.30,113905.03
647,04-13 10:55:00,Up,71760.30,71889.91,83061.22
648,04-13 11:00:00,Down,71889.91,71825.19,116068.52
649,04-13 11:05:00,Up,71825.19,72000.53,206171.64
650,04-13 11:10:00,Up,72000.53,72054.66,111161.22
651,04-13 11:15:00,Up,72054.66,72134.66,120478.88
652,04-13 11:20:00,Up,72134.66,72245.88,131851.06
653,04-13 11:25:00,Up,72245.88,72266.35,147451.07
654,04-13 11:30:00,Down,72266.35,72253.54,191756.64
655,04-13 11:35:00,Up,72253.54,72318.53,136504.48
656,04-13 11:40:00,Up,72318.53,72334.54,161509.59
657,04-13 11:45:00,Up,72334.54,72348.77,138337.12
658,04-13 11:50:00,Down,72348.77,72116.91,196621.41
659,04-13 11:55:00,Up,72116.91,72234.44,127305.20
660,04-13 12:00:00,Up,72234.44,72283.14,137824.99
661,04-13 12:05:00,Up,72283.14,72298.47,286056.63
662,04-13 12:10:00,Up,72298.47,72333.49,121588.59
663,04-13 12:15:00,Up,72333.49,72407.25,111896.49
664,04-13 12:20:00,Down,72407.25,72310.74,114100.95
665,04-13 12:25:00,Up,72310.74,72461.96,152303.35
666,04-13 12:30:00,Up,72461.96,72504.76,159672.35
667,04-13 12:35:00,Down,72504.76,72454.06,128921.85
668,04-13 12:40:00,Up,72454.06,72474.62,123118.09
669,04-13 12:45:00,Down,72474.62,72448.20,120957.02
670,04-13 12:50:00,Down,72448.20,72193.53,197185.34
671,04-13 12:55:00,Down,72193.53,72178.19,130921.61
672,04-13 13:00:00,Up,72178.19,72187.72,115428.16
673,04-13 13:05:00,Up,72187.72,72204.04,121449.16
674,04-13 13:10:00,Up,72204.04,72221.17,79038.60
675,04-13 13:15:00,Up,72221.17,72251.96,97122.88
676,04-13 13:20:00,Down,72251.96,72126.60,108954.13
677,04-13 13:25:00,Up,72126.60,72206.60,112563.18
678,04-13 13:30:00,Up,72206.60,72371.41,85880.21
679,04-13 13:35:00,Down,72371.41,72331.72,89208.39
680,04-13 13:40:00,Up,72331.72,72375.07,91439.14
681,04-13 13:45:00,Down,72375.07,72357.91,105616.61
682,04-13 13:50:00,Up,72357.91,72426.49,92436.92
683,04-13 13:55:00,Up,72426.49,72459.53,93844.32
684,04-13 14:00:00,Down,72459.53,72385.07,101987.93
685,04-13 14:05:00,Down,72385.07,72347.63,88623.88
686,04-13 14:10:00,Up,72347.63,72348.87,117624.13
687,04-13 14:15:00,Up,72348.87,72570.44,116335.73
688,04-13 14:20:00,Up,72570.44,72791.56,117138.49
689,04-13 14:25:00,Up,72791.56,72881.35,114346.66
690,04-13 14:30:00,Up,72881.35,73120.77,115074.23
691,04-13 14:35:00,Up,73120.77,73164.27,177073.85
692,04-13 14:40:00,Down,73164.27,73039.67,119993.48
693,04-13 14:45:00,Up,73039.67,73290.72,99589.61
694,04-13 14:50:00,Up,73290.72,73478.60,169348.22
695,04-13 14:55:00,Down,73478.60,73373.43,161340.48
696,04-13 15:00:00,Down,73373.43,73316.10,123206.66
697,04-13 15:05:00,Down,73316.10,73310.91,111342.17
698,04-13 15:10:00,Down,73310.91,73112.88,89870.70
699,04-13 15:15:00,Down,73112.88,73100.89,138511.19
700,04-13 15:20:00,Down,73100.89,73056.31,105587.37
701,04-13 15:25:00,Up,73056.31,73126.84,117335.55
702,04-13 15:30:00,Up,73126.84,73254.24,82428.02
703,04-13 15:35:00,Down,73254.24,73180.28,134752.70
704,04-13 15:40:00,Up,73180.28,73264.19,101258.64
705,04-13 15:45:00,Down,73264.19,73238.31,91612.04
706,04-13 15:50:00,Down,73238.31,73131.76,70631.04
707,04-13 15:55:00,Up,73131.76,73185.45,112493.45
708,04-13 16:00:00,Down,73185.45,73127.92,78224.55
709,04-13 16:05:00,Up,73127.92,73240.44,98875.83
710,04-13 16:10:00,Up,73240.44,73261.11,112181.52
711,04-13 16:15:00,Down,73261.11,73186.53,86013.74
712,04-13 16:20:00,Up,73186.53,73193.48,132919.99
713,04-13 16:25:00,Down,73193.48,73156.25,66083.44
714,04-13 16:30:00,Up,73156.25,73232.37,85902.41
715,04-13 16:35:00,Up,73232.37,73296.61,93525.35
716,04-13 16:40:00,Down,73296.61,73293.86,109543.07
717,04-13 16:45:00,Down,73293.86,73293.49,289328.19
718,04-13 16:50:00,Down,73293.49,73260.51,61881.06
719,04-13 16:55:00,Down,73260.51,73208.54,78416.76
720,04-13 17:00:00,Up,73208.54,73324.34,109836.07
721,04-13 17:05:00,Up,73324.34,73356.18,145701.56
722,04-13 17:10:00,Up,73356.18,73789.56,110364.76
723,04-13 17:15:00,Up,73789.56,74209.50,257579.94
724,04-13 17:20:00,Up,74209.50,74263.97,159148.91
725,04-13 17:25:00,Down,74263.97,74161.65,109938.77
726,04-13 17:30:00,Up,74161.65,74322.94,128606.94
727,04-13 17:35:00,Down,74322.94,74141.04,89949.79
728,04-13 17:40:00,Up,74141.04,74285.45,127150.72
729,04-13 17:45:00,Up,74285.45,74372.74,126554.69
730,04-13 17:50:00,Up,74372.74,74665.41,119173.98
731,04-13 17:55:00,Down,74665.41,74656.09,135248.68
732,04-13 18:00:00,Up,74656.09,74675.86,165220.61
733,04-13 18:05:00,Up,74675.86,74782.63,104700.68
734,04-13 18:10:00,Down,74782.63,74683.49,117648.73
735,04-13 18:15:00,Down,74683.49,74641.53,104525.73
736,04-13 18:20:00,Down,74641.53,74636.33,219416.40
737,04-13 18:25:00,Up,74636.33,74754.96,105395.58
738,04-13 18:30:00,Up,74754.96,74812.53,139194.85
739,04-13 18:35:00,Down,74812.53,74723.52,86181.19
740,04-13 18:40:00,Down,74723.52,74587.73,113657.72
741,04-13 18:45:00,Down,74587.73,74519.60,102425.62
742,04-13 18:50:00,Up,74519.60,74590.24,89687.98
743,04-13 18:55:00,Down,74590.24,74437.95,102945.75
744,04-13 19:00:00,Up,74437.95,74473.38,89819.94
745,04-13 19:05:00,Down,74473.38,74352.90,70019.29
746,04-13 19:10:00,Up,74352.90,74357.92,173472.74
747,04-13 19:15:00,Up,74357.92,74419.37,94303.93
748,04-13 19:20:00,Down,74419.37,74331.01,119101.21
749,04-13 19:25:00,Down,74331.01,74289.56,127624.21
750,04-13 19:30:00,Down,74289.56,74255.49,124857.53
751,04-13 19:35:00,Up,74255.49,74411.82,119096.63
752,04-13 19:40:00,Up,74411.82,74440.47,101448.89
753,04-13 19:45:00,Down,74440.47,74312.07,82212.82
754,04-13 19:50:00,Down,74312.07,74179.66,147292.97
755,04-13 19:55:00,Up,74179.66,74189.02,314466.86
756,04-13 20:00:00,Up,74189.02,74193.29,139367.38
757,04-13 20:05:00,Up,74193.29,74294.44,97432.59
758,04-13 20:10:00,Up,74294.44,74326.96,151317.22
759,04-13 20:15:00,Up,74326.96,74338.11,122237.34
760,04-13 20:20:00,Down,74338.11,74331.84,139035.83
761,04-13 20:25:00,Down,74331.84,74325.43,71821.14
762,04-13 20:30:00,Down,74325.43,74271.12,90921.22
763,04-13 20:35:00,Up,74271.12,74292.98,113328.83
764,04-13 20:40:00,Up,74292.98,74348.55,78180.85
765,04-13 20:45:00,Up,74348.55,74375.27,108349.46
766,04-13 20:50:00,Up,74375.27,74428.64,90412.48
767,04-13 20:55:00,Down,74428.64,74412.54,82168.48
768,04-13 21:00:00,Up,74412.54,74413.73,103470.01
769,04-13 21:05:00,Up,74413.73,74483.24,69947.64
770,04-13 21:10:00,Up,74483.24,74514.66,85406.16
771,04-13 21:15:00,Up,74514.66,74539.87,100510.93
772,04-13 21:20:00,Down,74539.87,74499.44,96120.21
773,04-13 21:25:00,Down,74499.44,74428.59,71126.54
774,04-13 21:30:00,Down,74428.59,74349.23,65444.04
775,04-13 21:35:00,Up,74349.23,74437.00,87470.45
776,04-13 21:40:00,Up,74437.00,74462.74,60728.05
777,04-13 21:45:00,Down,74462.74,74459.59,244805.29
778,04-13 21:50:00,Down,74459.59,74353.56,92652.81
779,04-13 21:55:00,Up,74353.56,74360.63,108240.68
780,04-13 22:00:00,Down,74360.63,74348.74,113737.54
781,04-13 22:05:00,Up,74348.74,74441.61,114664.86
782,04-13 22:10:00,Down,74441.61,74369.37,89757.44
783,04-13 22:15:00,Up,74369.37,74392.54,137695.44
784,04-13 22:20:00,Down,74392.54,74310.58,110197.54
785,04-13 22:25:00,Up,74310.58,74317.99,160768.89
786,04-13 22:30:00,Up,74317.99,74380.74,99422.35
787,04-13 22:35:00,Up,74380.74,74410.30,79487.01
788,04-13 22:40:00,Up,74410.30,74494.79,75435.31
789,04-13 22:45:00,Down,74494.79,74459.00,81182.39
790,04-13 22:50:00,Down,74459.00,74456.46,90431.68
791,04-13 22:55:00,Up,74456.46,74465.32,84129.04
792,04-13 23:00:00,Down,74465.32,74452.66,76589.32
793,04-13 23:05:00,Up,74452.66,74482.24,69461.12
794,04-13 23:10:00,Up,74482.24,74492.13,96672.26
795,04-13 23:15:00,Up,74492.13,74503.70,127466.20
796,04-13 23:20:00,Down,74503.70,74477.43,95596.15
797,04-13 23:25:00,Up,74477.43,74524.96,124625.79
798,04-13 23:30:00,Down,74524.96,74451.20,136976.20
799,04-13 23:35:00,Up,74451.20,74473.98,131272.02
800,04-13 23:40:00,Down,74473.98,74409.00,76360.42
801,04-13 23:45:00,Up,74409.00,74436.36,80212.98
802,04-13 23:50:00,Down,74436.36,74410.59,61622.25
803,04-13 23:55:00,Up,74410.59,74413.44,92324.17
804,04-14 00:00:00,Down,74413.44,74359.93,79394.72
805,04-14 00:05:00,Up,74359.93,74360.97,136864.46
806,04-14 00:10:00,Down,74360.97,74360.04,119721.78
807,04-14 00:15:00,Up,74360.04,74377.94,91000.98
808,04-14 00:20:00,Down,74377.94,74372.01,129794.10
809,04-14 00:25:00,Down,74372.01,74366.14,134504.30
810,04-14 00:30:00,Down,74366.14,74327.33,122114.70
811,04-14 00:35:00,Up,74327.33,74328.02,227887.10
812,04-14 00:40:00,Down,74328.02,74317.65,89638.41
813,04-14 00:45:00,Down,74317.65,74294.56,2643.14
814,04-14 00:50:00,Down,74294.56,74248.06,94414.60
815,04-14 00:55:00,Down,74248.06,74228.19,91290.18
816,04-14 01:00:00,Up,74228.19,74290.08,145171.10
817,04-14 01:05:00,Up,74290.08,74353.94,95281.19
818,04-14 01:10:00,Down,74353.94,74349.23,66886.83
819,04-14 01:15:00,Up,74349.23,74421.85,60793.21
820,04-14 01:20:00,Up,74421.85,74455.69,99555.44
821,04-14 01:25:00,Down,74455.69,74407.05,106703.48
822,04-14 01:30:00,Up,74407.05,74420.98,139223.83
823,04-14 01:35:00,Up,74420.98,74451.49,86759.99
824,04-14 01:40:00,Down,74451.49,74409.41,121547.90
825,04-14 01:45:00,Up,74409.41,74463.64,93642.27
826,04-14 01:50:00,Up,74463.64,74529.26,112490.20
827,04-14 01:55:00,Up,74529.26,74552.78,85780.74
828,04-14 02:00:00,Up,74552.78,74612.64,146711.32
829,04-14 02:05:00,Up,74612.64,74944.51,138329.46
830,04-14 02:10:00,Down,74944.51,74798.51,147510.58
831,04-14 02:15:00,Down,74798.51,74695.42,118030.35
832,04-14 02:20:00,Down,74695.42,74638.77,116221.12
833,04-14 02:25:00,Up,74638.77,74697.62,145332.47
834,04-14 02:30:00,Down,74697.62,74589.26,145548.91
835,04-14 02:35:00,Down,74589.26,74589.15,188872.78
836,04-14 02:40:00,Down,74589.15,74523.32,127246.28
837,04-14 02:45:00,Down,74523.32,74510.38,146458.43
838,04-14 02:50:00,Up,74510.38,74561.24,85008.04
839,04-14 02:55:00,Up,74561.24,74573.53,135471.31
840,04-14 03:00:00,Down,74573.53,74564.73,110444.78
841,04-14 03:05:00,Up,74564.73,74574.56,105250.33
842,04-14 03:10:00,Down,74574.56,74561.65,99018.51
843,04-14 03:15:00,Up,74561.65,74562.86,127402.76
844,04-14 03:20:00,Down,74562.86,74541.36,85390.88
845,04-14 03:25:00,Up,74541.36,74661.33,78458.79
846,04-14 03:30:00,Up,74661.33,74818.17,108271.58
847,04-14 03:35:00,Down,74818.17,74814.55,143783.67
848,04-14 03:40:00,Down,74814.55,74685.40,109168.89
849,04-14 03:45:00,Up,74685.40,74761.38,74163.32
850,04-14 03:50:00,Down,74761.38,74734.97,134184.54
851,04-14 03:55:00,Up,74734.97,74778.72,74086.74
852,04-14 04:00:00,Down,74778.72,74732.12,81764.41
853,04-14 04:05:00,Up,74732.12,74775.11,92623.16
854,04-14 04:10:00,Up,74775.11,74824.45,93656.11
855,04-14 04:15:00,Down,74824.45,74800.26,99262.87
856,04-14 04:20:00,Down,74800.26,74708.07,72543.44
857,04-14 04:25:00,Down,74708.07,74702.13,97819.12
858,04-14 04:30:00,Down,74702.13,74680.51,86305.35
859,04-14 04:35:00,Up,74680.51,74696.96,109072.24
860,04-14 04:40:00,Down,74696.96,74537.17,111569.59
861,04-14 04:45:00,Down,74537.17,74471.28,90363.98
862,04-14 04:50:00,Up,74471.28,74480.45,82375.39
863,04-14 04:55:00,Up,74480.45,74526.52,83668.33
864,04-14 05:00:00,Down,74526.52,74487.29,68916.18
865,04-14 05:05:00,Up,74487.29,74532.79,67394.35
866,04-14 05:10:00,Up,74532.79,74570.63,80944.58
867,04-14 05:15:00,Down,74570.63,74561.01,99987.55
868,04-14 05:20:00,Up,74561.01,74592.35,79304.34
869,04-14 05:25:00,Down,74592.35,74582.89,81669.34
870,04-14 05:30:00,Up,74582.89,74606.31,95053.52
871,04-14 05:35:00,Down,74606.31,74423.25,69575.94
872,04-14 05:40:00,Down,74423.25,74384.71,83640.69
873,04-14 05:45:00,Up,74384.71,74416.43,78576.91
874,04-14 05:50:00,Down,74416.43,74385.28,109306.80
875,04-14 05:55:00,Down,74385.28,74369.38,127760.38
876,04-14 06:00:00,Up,74369.38,74423.77,73490.63
877,04-14 06:05:00,Up,74423.77,74448.93,89218.21
878,04-14 06:10:00,Down,74448.93,74418.21,71797.82
879,04-14 06:15:00,Up,74418.21,74447.78,64793.14
880,04-14 06:20:00,Down,74447.78,74418.28,119618.94
881,04-14 06:25:00,Down,74418.28,74379.61,81176.74
882,04-14 06:30:00,Down,74379.61,74370.73,68489.75
883,04-14 06:35:00,Up,74370.73,74413.48,70326.71
884,04-14 06:40:00,Down,74413.48,74343.32,85382.08
885,04-14 06:45:00,Up,74343.32,74441.37,71847.48
886,04-14 06:50:00,Down,74441.37,74389.10,90217.98
887,04-14 06:55:00,Up,74389.10,74399.34,113464.67
888,04-14 07:00:00,Up,74399.34,74448.44,99407.90
889,04-14 07:05:00,Down,73929.93,73853.97,84828.38
890,04-14 07:10:00,Down,74430.55,74321.08,98824.01
891,04-14 07:15:00,Up,74321.08,74395.96,70873.04
892,04-14 07:20:00,Down,74395.96,74321.90,87992.14
893,04-14 07:25:00,Up,74321.90,74333.90,162432.45
894,04-14 07:30:00,Up,74333.90,74371.46,141469.82
895,04-14 07:35:00,Down,74371.46,74359.57,211371.89
896,04-14 07:40:00,Down,74359.57,74327.37,90140.59
897,04-14 07:45:00,Up,74327.37,74401.49,74685.62
898,04-14 07:50:00,Up,74401.49,74418.63,97282.77
899,04-14 07:55:00,Up,74418.63,74474.69,129268.48
900,04-14 08:00:00,Up,74474.69,74619.65,134039.17
901,04-14 08:05:00,Down,74619.65,74608.92,101673.08
902,04-14 08:10:00,Down,74608.92,74601.35,105213.02
903,04-14 08:15:00,Up,74601.35,74648.57,140881.61
904,04-14 08:20:00,Up,74648.57,74737.44,83630.42
905,04-14 08:25:00,Down,74737.44,74537.84,102255.73
906,04-14 08:30:00,Up,74537.84,74770.09,144905.86
907,04-14 08:35:00,Up,74770.09,74895.40,189926.22
908,04-14 08:40:00,Up,74895.40,75229.51,223227.63
909,04-14 08:45:00,Down,75229.51,75177.36,240684.49
910,04-14 08:50:00,Up,75177.36,75398.70,183784.92
911,04-14 08:55:00,Up,75398.70,75579.83,128961.66
912,04-14 09:00:00,Down,75579.83,75453.85,183641.05
913,04-14 09:05:00,Up,75453.85,75605.38,175162.01
914,04-14 09:10:00,Up,75605.38,75611.01,188212.94
915,04-14 09:15:00,Down,75611.01,75596.44,191663.34
916,04-14 09:20:00,Up,75596.44,75657.28,158497.84
917,04-14 09:25:00,Up,75657.28,75892.41,119497.53
918,04-14 09:30:00,Down,75892.41,75682.16,266545.51
919,04-14 09:35:00,Down,75682.16,75484.06,191650.22
920,04-14 09:40:00,Down,75484.06,75438.98,146944.59
921,04-14 09:45:00,Down,75438.98,75232.78,131942.34
922,04-14 09:50:00,Up,75232.78,75294.55,137332.52
923,04-14 09:55:00,Down,75294.55,75069.75,96388.56
924,04-14 10:00:00,Down,75069.75,75051.39,171351.66
925,04-14 10:05:00,Down,75051.39,74735.90,150440.17
926,04-14 10:10:00,Up,74735.90,74791.36,156158.98
927,04-14 10:15:00,Up,74791.36,74830.73,124616.82
928,04-14 10:20:00,Up,74830.73,74944.20,117304.80
929,04-14 10:25:00,Down,74944.20,74842.34,119166.55
930,04-14 10:30:00,Up,74842.34,75102.06,147592.53
931,04-14 10:35:00,Up,75102.06,75200.36,130553.68
932,04-14 10:40:00,Up,75200.36,75320.76,90207.67
933,04-14 10:45:00,Down,75320.76,75277.01,125343.57
934,04-14 10:50:00,Up,75277.01,75466.92,102658.14
935,04-14 10:55:00,Down,75466.92,75356.19,132735.08
936,04-14 11:00:00,Up,75356.19,75494.68,91594.38
937,04-14 11:05:00,Up,75494.68,75688.65,108779.30
938,04-14 11:10:00,Down,75688.65,75523.72,82440.06
939,04-14 11:15:00,Down,75523.72,75353.88,104974.40
940,04-14 11:20:00,Down,75353.88,75244.39,111645.68
941,04-14 11:25:00,Up,75244.39,75280.48,104172.20
942,04-14 11:30:00,Down,75280.48,75208.03,108514.89
943,04-14 11:35:00,Up,75208.03,75268.41,131789.81
944,04-14 11:40:00,Down,75268.41,75248.47,121564.56
945,04-14 11:45:00,Down,75248.47,75136.25,99078.02
946,04-14 11:50:00,Down,75136.25,74819.07,116604.57
947,04-14 11:55:00,Down,74819.07,74691.33,124506.34
948,04-14 12:00:00,Up,74691.33,74697.89,148988.03
949,04-14 12:05:00,Up,74697.89,74771.08,96647.70
950,04-14 12:10:00,Up,74771.08,74819.92,101439.81
951,04-14 12:15:00,Up,74819.92,74899.62,106021.30
952,04-14 12:20:00,Down,74899.62,74885.75,140531.38
953,04-14 12:25:00,Down,74885.75,74666.61,112058.07
954,04-14 12:30:00,Down,74666.61,74385.45,125106.03
955,04-14 12:35:00,Up,74385.45,74413.21,148094.88
956,04-14 12:40:00,Up,74413.21,74583.79,101746.86
957,04-14 12:45:00,Up,74583.79,74701.42,116723.46
958,04-14 12:50:00,Up,74701.42,74711.86,107315.04
959,04-14 12:55:00,Up,74711.86,74784.25,112873.64
960,04-14 13:00:00,Up,74784.25,74803.53,124590.38
961,04-14 13:05:00,Up,74803.53,74823.25,125964.80
962,04-14 13:10:00,Down,74823.25,74712.54,150843.20
963,04-14 13:15:00,Up,74712.54,74760.09,120479.99
964,04-14 13:20:00,Down,74760.09,74537.22,105764.96
965,04-14 13:25:00,Up,74537.22,74563.00,90269.36
966,04-14 13:30:00,Down,74563.00,74459.92,105014.32
967,04-14 13:35:00,Down,74459.92,74227.59,138975.92
968,04-14 13:40:00,Up,74227.59,74332.86,89735.51
969,04-14 13:45:00,Down,74332.86,73894.70,135708.95
970,04-14 13:50:00,Up,73894.70,74127.99,113228.64
971,04-14 13:55:00,Up,74127.99,74133.76,121849.51
972,04-14 14:00:00,Up,74133.76,74243.13,84194.86
973,04-14 14:05:00,Up,74243.13,74381.10,72409.15
974,04-14 14:10:00,Down,74381.10,74307.03,141385.63
975,04-14 14:15:00,Up,74307.03,74373.46,100138.95
976,04-14 14:20:00,Down,74373.46,74070.79,102067.66
977,04-14 14:25:00,Up,74070.79,74204.85,138459.24
978,04-14 14:30:00,Down,74204.85,74148.62,133204.18
979,04-14 14:35:00,Up,74148.62,74211.21,143092.04
980,04-14 14:40:00,Down,74211.21,74167.14,117539.04
981,04-14 14:45:00,Up,74167.14,74198.26,103170.01
982,04-14 14:50:00,Up,74198.26,74280.40,122896.94
983,04-14 14:55:00,Down,74280.40,74268.12,173463.20
984,04-14 15:00:00,Up,74268.12,74339.99,91622.34
985,04-14 15:05:00,Up,74339.99,74410.85,96739.26
986,04-14 15:10:00,Up,74410.85,74451.69,102618.56
987,04-14 15:15:00,Down,74451.69,74342.69,124080.60
988,04-14 15:20:00,Down,74342.69,74224.99,80195.42
989,04-14 15:25:00,Down,74224.99,74219.07,84457.56
990,04-14 15:30:00,Up,74219.07,74230.67,121181.16
991,04-14 15:35:00,Down,74230.67,74200.18,86181.43
992,04-14 15:40:00,Up,74200.18,74286.79,85818.97
993,04-14 15:45:00,Down,74286.79,74260.35,128643.03
994,04-14 15:50:00,Down,74260.35,74174.71,82415.85
995,04-14 15:55:00,Down,74174.71,74137.48,119106.22
996,04-14 16:00:00,Up,74137.48,74321.13,113709.35
997,04-14 16:05:00,Down,74321.13,74261.67,96136.33
998,04-14 16:10:00,Down,74261.67,74237.37,72527.30
999,04-14 16:15:00,Down,74237.37,74197.78,83773.93
1000,04-14 16:20:00,Down,74197.78,74087.57,93552.56
1001,04-14 16:25:00,Up,74087.57,74154.68,92250.82
1002,04-14 16:30:00,Down,74154.68,74078.84,74461.55
1003,04-14 16:35:00,Down,74078.84,74072.32,119892.08
1004,04-14 16:40:00,Down,74072.32,74042.01,111566.30
1005,04-14 16:45:00,Down,74042.01,74036.46,94994.50
1006,04-14 16:50:00,Up,74036.46,74242.62,81904.02
1007,04-14 16:55:00,Up,74242.62,74303.65,97425.30
1008,04-14 17:00:00,Down,74303.65,74202.23,84220.71
1009,04-14 17:05:00,Up,74202.23,74345.30,111233.71
1010,04-14 17:10:00,Down,74345.30,74343.06,340438.82
1011,04-14 17:15:00,Down,74343.06,74141.62,83306.92
1012,04-14 17:20:00,Down,74141.62,74105.09,81263.87
1013,04-14 17:25:00,Down,74105.09,73945.51,74273.50
1014,04-14 17:30:00,Up,73945.51,74038.74,135638.20
1015,04-14 17:35:00,Down,74038.74,74009.52,90163.21
1016,04-14 17:40:00,Down,74009.52,74006.46,77041.22
1017,04-14 17:45:00,Up,74006.46,74048.89,80988.53
1018,04-14 17:50:00,Up,74048.89,74103.59,70342.23
1019,04-14 17:55:00,Down,74103.59,74059.03,99957.14
1020,04-14 18:00:00,Up,74059.03,74142.18,68219.95
1021,04-14 18:05:00,Down,74142.18,74083.05,137166.41
1022,04-14 18:10:00,Up,74083.05,74128.98,63594.53
1023,04-14 18:15:00,Up,74128.98,74183.93,78645.93
1024,04-14 18:20:00,Down,74183.93,74148.59,62902.57
1025,04-14 18:25:00,Down,74148.59,74141.33,74625.59
1026,04-14 18:30:00,Up,74141.33,74189.21,103621.55
1027,04-14 18:35:00,Down,74189.21,74184.52,113558.99
1028,04-14 18:40:00,Down,74184.52,74169.50,145649.35
1029,04-14 18:45:00,Up,74169.50,74244.44,82987.43
1030,04-14 18:50:00,Down,74244.44,74095.03,153375.95
1031,04-14 18:55:00,Up,74095.03,74173.73,69552.80
1032,04-14 19:00:00,Up,74173.73,74572.79,80899.37
1033,04-14 19:05:00,Up,74572.79,74649.04,120708.44
1034,04-14 19:10:00,Down,74649.04,74566.30,114469.31
1035,04-14 19:15:00,Down,74566.30,74428.58,72903.62
1036,04-14 19:20:00,Up,74428.58,74602.87,194253.98
1037,04-14 19:25:00,Up,74602.87,74615.00,272544.52
1038,04-14 19:30:00,Down,74615.00,74540.11,137660.63
1039,04-14 19:35:00,Up,74540.11,74567.59,112036.92
1040,04-14 19:40:00,Up,74567.59,74579.10,100550.81
1041,04-14 19:45:00,Down,74579.10,74478.32,128988.01
1042,04-14 19:50:00,Down,74478.32,74468.20,106011.55
1043,04-14 19:55:00,Up,74468.20,74592.96,92920.03
1044,04-14 20:00:00,Up,74592.96,74664.48,137394.18
1045,04-14 20:05:00,Up,74664.48,74744.72,127472.94
1046,04-14 20:10:00,Up,74744.72,74781.24,171111.38
1047,04-14 20:15:00,Down,74781.24,74717.62,127757.98
1048,04-14 20:20:00,Down,74717.62,74633.11,93430.92
1049,04-14 20:25:00,Up,74633.11,74707.63,120102.69
1050,04-14 20:30:00,Down,74707.63,74666.67,119395.75
1051,04-14 20:35:00,Down,74666.67,74601.18,100933.62
1052,04-14 20:40:00,Up,74601.18,74667.28,134997.00
1053,04-14 20:45:00,Up,74667.28,74679.72,102327.34
1054,04-14 20:50:00,Down,74679.72,74650.65,115478.65
1055,04-14 20:55:00,Down,74650.65,74641.19,63945.39
1056,04-14 21:00:00,Up,74641.19,74677.59,160984.44
1057,04-14 21:05:00,Down,74677.59,74574.98,106933.23
1058,04-14 21:10:00,Down,74574.98,74574.39,143206.93
1059,04-14 21:15:00,Down,74574.39,74561.72,130611.09
1060,04-14 21:20:00,Down,74561.72,74490.41,125489.75
1061,04-14 21:25:00,Down,74490.41,74378.87,90936.68
1062,04-14 21:30:00,Down,74378.87,74238.64,154557.87
1063,04-14 21:35:00,Down,74238.64,74236.16,284007.51
1064,04-14 21:40:00,Up,74236.16,74308.92,105725.66
1065,04-14 21:45:00,Down,74308.92,74247.95,132204.28
1066,04-14 21:50:00,Up,74247.95,74313.64,74400.21
1067,04-14 21:55:00,Up,74313.64,74352.86,98277.93
1068,04-14 22:00:00,Down,74352.86,74279.90,81639.96
1069,04-14 22:05:00,Down,74279.90,74274.91,126366.12
1070,04-14 22:10:00,Down,74274.91,74254.84,68130.02
1071,04-14 22:15:00,Down,74254.84,74241.27,100615.02
1072,04-14 22:20:00,Up,74241.27,74325.13,68730.00
1073,04-14 22:25:00,Down,74325.13,74317.02,77452.49
1074,04-14 22:30:00,Up,74317.02,74322.34,78359.08
1075,04-14 22:35:00,Down,74322.34,74257.39,77427.63
1076,04-14 22:40:00,Down,74257.39,74256.76,82164.06
1077,04-14 22:45:00,Up,74256.76,74289.62,57657.02
1078,04-14 22:50:00,Up,74289.62,74305.51,59151.48
1079,04-14 22:55:00,Up,74305.51,74363.50,56562.20
1080,04-14 23:00:00,Up,74363.50,74438.51,59789.82
1081,04-14 23:05:00,Down,74438.51,74384.17,76350.46
1082,04-14 23:10:00,Down,74384.17,74369.95,139416.72
1083,04-14 23:15:00,Down,74369.95,74364.02,149527.18
1084,04-14 23:20:00,Down,74364.02,74354.04,90281.12
1085,04-14 23:25:00,Down,74354.04,74332.14,117771.00
1086,04-14 23:30:00,Down,74332.14,74323.96,127677.88
1087,04-14 23:35:00,Up,74323.96,74348.05,103793.87
1088,04-14 23:40:00,Up,74348.05,74361.39,698782.22
1089,04-14 23:45:00,Up,74361.39,74366.80,122983.71
1090,04-14 23:50:00,Up,74366.80,74373.14,104085.56
1091,04-14 23:55:00,Down,74373.14,74345.87,140263.04
1092,04-15 00:00:00,Up,74345.87,74376.21,179849.71
1093,04-15 00:05:00,Down,74376.21,74264.03,102183.70
1094,04-15 00:10:00,Down,74264.03,74231.70,285913.48
1095,04-15 00:15:00,Up,74231.70,74258.84,90201.24
1096,04-15 00:20:00,Down,74258.84,74147.52,82510.40
1097,04-15 00:25:00,Down,74147.52,74038.16,171162.72
1098,04-15 00:30:00,Up,74038.16,74040.95,301629.12
1099,04-15 00:35:00,Down,74040.95,73914.15,109198.95
1100,04-15 00:40:00,Up,73914.15,73975.25,79257.03
1101,04-15 00:45:00,Down,73975.25,73955.69,100524.50
1102,04-15 00:50:00,Up,73955.69,74005.03,80173.67
1103,04-15 00:55:00,Up,74005.03,74046.12,80899.05
1104,04-15 01:00:00,Down,74046.12,73963.37,76793.75
1105,04-15 01:05:00,Up,73963.37,73971.85,123386.73
1106,04-15 01:10:00,Down,73971.85,73968.92,220235.45
1107,04-15 01:15:00,Up,73968.92,74021.04,121953.16
1108,04-15 01:20:00,Down,74021.04,73979.17,86709.32
1109,04-15 01:25:00,Down,73979.17,73950.74,90385.75
1110,04-15 01:30:00,Down,73950.74,73937.79,170491.21
1111,04-15 01:35:00,Up,73937.79,73998.56,179610.81
1112,04-15 01:40:00,Up,73998.56,74028.42,90259.67
1113,04-15 01:45:00,Down,74028.42,73992.21,109064.86
1114,04-15 01:50:00,Down,73992.21,73929.05,81256.07
1115,04-15 01:55:00,Down,73929.05,73918.10,97859.89
1116,04-15 02:00:00,Up,73918.10,73934.18,178932.36
1117,04-15 02:05:00,Down,73934.18,73882.59,135172.90
1118,04-15 02:10:00,Up,73882.59,73941.13,146072.73
1119,04-15 02:15:00,Down,73941.13,73673.25,113790.35
1120,04-15 02:20:00,Up,73673.25,73707.50,162273.26
1121,04-15 02:25:00,Up,73707.50,73735.62,109206.56
1122,04-15 02:30:00,Down,73735.62,73650.53,116377.11
1123,04-15 02:35:00,Up,73650.53,73670.49,98870.75
1124,04-15 02:40:00,Down,73670.49,73621.24,106249.25
1125,04-15 02:45:00,Up,73621.24,73678.80,108390.98
1126,04-15 02:50:00,Up,73678.80,73777.93,151660.29
1127,04-15 02:55:00,Down,73777.93,73761.81,100266.27
1128,04-15 03:00:00,Up,73761.81,73784.64,81378.90
1129,04-15 03:05:00,Down,73784.64,73771.06,78588.19
1130,04-15 03:10:00,Up,73771.06,73865.20,60725.57
1131,04-15 03:15:00,Up,73865.20,73882.70,82487.46
1132,04-15 03:20:00,Up,73882.70,73962.61,73744.68
1133,04-15 03:25:00,Up,73962.61,74010.53,91544.73
1134,04-15 03:30:00,Up,74010.53,74157.79,91508.33
1135,04-15 03:35:00,Down,74157.79,74126.33,97260.32
1136,04-15 03:40:00,Down,74126.33,74121.37,77375.93
1137,04-15 03:45:00,Down,74121.37,74080.82,75536.00
1138,04-15 03:50:00,Up,74080.82,74185.89,87142.82
1139,04-15 03:55:00,Down,74185.89,74136.39,83974.43
1140,04-15 04:00:00,Down,74136.39,74074.58,109954.40
1141,04-15 04:05:00,Down,74074.58,74039.64,81884.77
1142,04-15 04:10:00,Up,74039.64,74048.67,126087.66
1143,04-15 04:15:00,Up,74048.67,74101.21,72362.91
1144,04-15 04:20:00,Down,74101.21,74071.02,71177.13
1145,04-15 04:25:00,Down,74071.02,73975.98,83344.04
1146,04-15 04:30:00,Down,73975.98,73951.57,90880.17
1147,04-15 04:35:00,Down,73951.57,73948.76,95007.08
1148,04-15 04:40:00,Up,73948.76,73989.21,74576.71
1149,04-15 04:45:00,Down,73989.21,73971.74,72233.15
1150,04-15 04:50:00,Up,73971.74,73990.55,90967.66
1151,04-15 04:55:00,Up,73990.55,74031.36,73062.15
1152,04-15 05:00:00,Up,74031.36,74032.78,113072.98
1153,04-15 05:05:00,Up,74032.78,74150.88,115925.34
1154,04-15 05:10:00,Down,74150.88,74135.27,88011.77
1155,04-15 05:15:00,Down,74135.27,74025.39,104607.10
1156,04-15 05:20:00,Down,74025.39,74006.44,88966.98
1157,04-15 05:25:00,Down,74006.44,73924.82,69008.06
1158,04-15 05:30:00,Down,73924.82,73856.89,87073.79
1159,04-15 05:35:00,Up,73856.89,73864.15,100550.88
1160,04-15 05:40:00,Up,73864.15,74070.08,66614.93
1161,04-15 05:45:00,Up,74070.08,74110.50,124326.58
1162,04-15 05:50:00,Down,74110.50,74018.43,86216.97
1163,04-15 05:55:00,Down,74018.43,73879.57,58748.06
1164,04-15 06:00:00,Up,73879.57,73921.02,82747.73
1165,04-15 06:05:00,Up,73921.02,74007.97,75994.89
1166,04-15 06:10:00,Up,74007.97,74046.31,79556.98
1167,04-15 06:15:00,Down,74046.31,73965.82,61546.05
1168,04-15 06:20:00,Up,73965.82,73994.61,85852.35
1169,04-15 06:25:00,Down,73994.61,73979.28,98985.13
1170,04-15 06:30:00,Up,73979.28,74001.88,86885.63
1171,04-15 06:35:00,Up,74001.88,74031.06,86135.52
1172,04-15 06:40:00,Up,74031.06,74070.17,79237.21
1173,04-15 06:45:00,Up,74070.17,74117.37,167093.25
1174,04-15 06:50:00,Up,74117.37,74238.73,131351.46
1175,04-15 06:55:00,Down,74238.73,74220.68,98442.45
1176,04-15 07:00:00,Down,74220.68,74162.96,141731.75
1177,04-15 07:05:00,Down,74162.96,74160.81,0.00
1178,04-15 07:10:00,Up,74160.81,74225.59,0.00
1179,04-15 07:15:00,Up,74225.59,74229.51,133389.95
1180,04-15 07:20:00,Up,74229.51,74250.44,82278.11
1181,04-15 07:25:00,Down,74250.44,74199.81,70986.06
1182,04-15 07:30:00,Up,74199.81,74247.32,76925.80
1183,04-15 07:35:00,Up,74247.32,74469.12,142385.35
1184,04-15 07:40:00,Down,74469.12,74361.84,113432.26
1185,04-15 07:45:00,Up,74361.84,74368.24,121467.40
1186,04-15 07:50:00,Down,74368.24,74353.45,77101.84
1187,04-15 07:55:00,Down,74353.45,74295.17,95987.78
1188,04-15 08:00:00,Down,74295.17,74252.42,154510.41
1189,04-15 08:05:00,Up,74252.42,74359.00,124402.48
1190,04-15 08:10:00,Down,74359.00,74336.29,91421.11
1191,04-15 08:15:00,Down,74336.29,74298.66,97157.55
1192,04-15 08:20:00,Down,74298.66,74292.00,114659.79
1193,04-15 08:25:00,Up,74292.00,74415.19,97609.53
1194,04-15 08:30:00,Down,74415.19,74218.50,152499.43
1195,04-15 08:35:00,Down,74218.50,74144.78,177557.19
1196,04-15 08:40:00,Down,74144.78,73888.00,90268.64
1197,04-15 08:45:00,Up,73888.00,73935.54,171583.88
1198,04-15 08:50:00,Down,73935.54,73870.17,128452.24
1199,04-15 08:55:00,Up,73870.17,74070.08,102760.37
1200,04-15 09:00:00,Down,74070.08,73950.89,116291.77
1201,04-15 09:05:00,Up,73950.89,73956.09,194679.10
1202,04-15 09:10:00,Up,73956.09,74143.37,103047.00
1203,04-15 09:15:00,Up,74143.37,74179.54,177131.77
1204,04-15 09:20:00,Up,74179.54,74445.78,122179.33
1205,04-15 09:25:00,Up,74445.78,74447.74,160167.76
1206,04-15 09:30:00,Down,74447.74,74321.45,129148.30
1207,04-15 09:35:00,Down,74321.45,74006.56,126143.28
1208,04-15 09:40:00,Down,74006.56,73972.38,146480.96
1209,04-15 09:45:00,Up,73972.38,74123.87,93712.54
1210,04-15 09:50:00,Up,74123.87,74171.01,147542.02
1211,04-15 09:55:00,Down,74171.01,74160.26,128486.47
1212,04-15 10:00:00,Down,74160.26,74143.37,144675.80
1213,04-15 10:05:00,Down,74143.37,74042.63,105176.06
1214,04-15 10:10:00,Up,74042.63,74290.97,123591.59
1215,04-15 10:15:00,Down,74290.97,74158.98,95190.58
1216,04-15 10:20:00,Down,74158.98,74063.37,94528.47
1217,04-15 10:25:00,Down,74063.37,74048.11,102406.52
1218,04-15 10:30:00,Down,74048.11,73673.86,107015.91
1219,04-15 10:35:00,Up,73673.86,73755.28,115007.90
1220,04-15 10:40:00,Up,73755.28,73873.95,137755.56
1221,04-15 10:45:00,Up,73873.95,73929.93,93386.74
1222,04-15 10:50:00,Down,73929.93,73853.97,100628.27
1223,04-15 10:55:00,Up,73853.97,73858.97,155114.53
1224,04-15 11:00:00,Up,73858.97,73969.44,161636.94
1225,04-15 11:05:00,Up,73969.44,73990.83,208602.18
1226,04-15 11:10:00,Up,73990.83,74024.20,110983.48
1227,04-15 11:15:00,Up,74024.20,74083.03,143883.62
1228,04-15 11:20:00,Up,74083.03,74131.98,130904.32
1229,04-15 11:25:00,Down,74131.98,74108.56,117795.17
1230,04-15 11:30:00,Down,74108.56,74043.85,109213.78
1231,04-15 11:35:00,Down,74043.85,74043.34,184689.59
1232,04-15 11:40:00,Down,74043.34,73916.19,101741.78
1233,04-15 11:45:00,Up,73916.19,74001.19,119300.26
1234,04-15 11:50:00,Down,74001.19,73856.44,99360.71
1235,04-15 11:55:00,Up,73856.44,73949.99,90946.80
1236,04-15 12:00:00,Up,73949.99,74081.01,132178.59
1237,04-15 12:05:00,Down,74081.01,74059.52,111249.25
1238,04-15 12:10:00,Down,74059.52,74046.41,79076.58
1239,04-15 12:15:00,Down,74046.41,74034.30,85147.64
1240,04-15 12:20:00,Down,74034.30,74026.70,105193.24
1241,04-15 12:25:00,Up,74026.70,74135.41,111059.85
1242,04-15 12:30:00,Up,74135.41,74151.60,121135.97
1243,04-15 12:35:00,Down,74151.60,74083.90,102919.93
1244,04-15 12:40:00,Down,74083.90,73989.87,95751.83
1245,04-15 12:45:00,Up,73989.87,74012.75,98247.19
1246,04-15 12:50:00,Up,74012.75,74134.80,75958.72
1247,04-15 12:55:00,Up,74134.80,74148.61,89935.71
1248,04-15 13:00:00,Up,74148.61,74252.96,206123.49
1249,04-15 13:05:00,Down,74252.96,74234.01,127446.28
1250,04-15 13:10:00,Up,74234.01,74298.45,79321.74
1251,04-15 13:15:00,Up,74298.45,74331.26,89681.43
1252,04-15 13:20:00,Down,74331.26,74297.71,86739.74
1253,04-15 13:25:00,Down,74297.71,74215.22,97757.76
1254,04-15 13:30:00,Up,74215.22,74323.48,92601.21
1255,04-15 13:35:00,Down,74323.48,74277.53,94534.99
1256,04-15 13:40:00,Up,74277.53,74325.24,83267.76
1257,04-15 13:45:00,Up,74325.24,74354.11,97346.17
1258,04-15 13:50:00,Up,74354.11,74380.92,82560.48
1259,04-15 13:55:00,Up,74380.92,74405.36,108823.92
1260,04-15 14:00:00,Up,74405.36,74469.87,147336.53
1261,04-15 14:05:00,Up,74469.87,74679.76,111644.03
1262,04-15 14:10:00,Down,74679.76,74661.36,127071.34
1263,04-15 14:15:00,Up,74661.36,74672.56,107769.56
1264,04-15 14:20:00,Down,74672.56,74666.37,106965.43
1265,04-15 14:25:00,Up,74666.37,74744.67,96445.96
1266,04-15 14:30:00,Up,74744.67,74968.44,151480.62
1267,04-15 14:35:00,Up,74968.44,75170.04,180916.97
1268,04-15 14:40:00,Down,75170.04,75091.05,139499.95
1269,04-15 14:45:00,Down,75091.05,75060.11,117532.08
1270,04-15 14:50:00,Up,75060.11,75088.92,126160.30
1271,04-15 14:55:00,Down,75088.92,75014.80,112611.49
1272,04-15 15:00:00,Down,75014.80,74874.65,109355.70
1273,04-15 15:05:00,Down,74874.65,74788.05,120289.70
1274,04-15 15:10:00,Down,74788.05,74686.65,94743.43
1275,04-15 15:15:00,Down,74686.65,74628.58,134102.87
1276,04-15 15:20:00,Up,74628.58,74653.17,145808.72
1277,04-15 15:25:00,Up,74653.17,74785.63,114746.50
1278,04-15 15:30:00,Up,74785.63,74786.06,161472.41
1279,04-15 15:35:00,Down,74786.06,74688.29,90818.61
1280,04-15 15:40:00,Up,74688.29,74763.11,102467.80
1281,04-15 15:45:00,Up,74763.11,74793.84,107412.26
1282,04-15 15:50:00,Up,74793.84,74862.46,94606.34
1283,04-15 15:55:00,Down,74862.46,74859.21,318953.41
1284,04-15 16:00:00,Down,74859.21,74815.42,105557.79
1285,04-15 16:05:00,Down,74815.42,74781.66,112360.48
1286,04-15 16:10:00,Down,74781.66,74745.81,91266.87
1287,04-15 16:15:00,Down,74745.81,74665.13,102748.98
1288,04-15 16:20:00,Up,74665.13,74698.32,106814.40
1289,04-15 16:25:00,Down,74698.32,74659.51,92229.28
1290,04-15 16:30:00,Down,74659.51,74580.07,90912.82
1291,04-15 16:35:00,Up,74580.07,74738.65,81035.71
1292,04-15 16:40:00,Up,74738.65,74760.71,213563.95
1293,04-15 16:45:00,Down,74760.71,74757.53,117623.72
1294,04-15 16:50:00,Up,74757.53,74818.98,74351.35
1295,04-15 16:55:00,Down,74818.98,74765.18,95240.72
1296,04-15 17:00:00,Up,74765.18,75019.69,108879.91
1297,04-15 17:05:00,Up,75019.69,75157.07,154360.32
1298,04-15 17:10:00,Down,75157.07,75063.86,108016.34
1299,04-15 17:15:00,Down,75063.86,74943.05,154991.43
1300,04-15 17:20:00,Up,74943.05,75022.76,88339.08
1301,04-15 17:25:00,Down,75022.76,75009.33,108602.04
1302,04-15 17:30:00,Down,75009.33,74991.02,104495.34
1303,04-15 17:35:00,Up,74991.02,75302.65,145393.70
1304,04-15 17:40:00,Down,75302.65,75088.65,116095.06
1305,04-15 17:45:00,Up,75088.65,75142.86,94787.85
1306,04-15 17:50:00,Down,75142.86,75107.56,87581.47
1307,04-15 17:55:00,Down,75107.56,74983.91,121897.06
1308,04-15 18:00:00,Down,74983.91,74841.12,111869.70
1309,04-15 18:05:00,Down,74841.12,74798.86,105307.53
1310,04-15 18:10:00,Down,74798.86,74768.02,91896.81
1311,04-15 18:15:00,Down,74768.02,74740.36,103292.93
1312,04-15 18:20:00,Down,74740.36,74720.00,103044.69
1313,04-15 18:25:00,Up,74720.00,74757.26,81555.91
1314,04-15 18:30:00,Down,74757.26,74725.74,94455.27
1315,04-15 18:35:00,Down,74725.74,74670.21,73187.24
1316,04-15 18:40:00,Up,74670.21,74676.25,101788.03
1317,04-15 18:45:00,Up,74676.25,74770.75,73033.76
1318,04-15 18:50:00,Up,74770.75,74825.78,78107.79
1319,04-15 18:55:00,Up,74825.78,74832.99,88693.99
1320,04-15 19:00:00,Down,74832.99,74669.75,75968.97
1321,04-15 19:05:00,Down,74669.75,74651.93,111356.31
1322,04-15 19:10:00,Down,74651.93,74623.29,119436.32
1323,04-15 19:15:00,Down,74623.29,74601.81,102868.82
1324,04-15 19:20:00,Down,74601.81,74519.56,124682.88
1325,04-15 19:25:00,Up,74519.56,74619.70,171567.57
1326,04-15 19:30:00,Up,74619.70,74873.78,226440.69
1327,04-15 19:35:00,Down,74873.78,74793.39,118949.63
1328,04-15 19:40:00,Down,74793.39,74789.91,131832.10
1329,04-15 19:45:00,Down,74789.91,74729.08,109275.01
1330,04-15 19:50:00,Up,74729.08,74775.66,111469.23
1331,04-15 19:55:00,Up,74775.66,74833.25,58429.85
1332,04-15 20:00:00,Down,74833.25,74706.42,174813.92
1333,04-15 20:05:00,Down,74706.42,74607.93,130267.13
1334,04-15 20:10:00,Down,74607.93,74585.86,93208.76
1335,04-15 20:15:00,Up,74585.86,74654.67,103899.64
1336,04-15 20:20:00,Down,74654.67,74620.74,96821.02
1337,04-15 20:25:00,Up,74620.74,74632.68,96203.62
1338,04-15 20:30:00,Up,74632.68,74694.25,215785.69
1339,04-15 20:35:00,Down,74694.25,74617.23,105343.07
1340,04-15 20:40:00,Up,74617.23,74702.10,170619.75
1341,04-15 20:45:00,Up,74702.10,74717.87,115241.91
1342,04-15 20:50:00,Down,74717.87,74663.49,91843.17
1343,04-15 20:55:00,Up,74663.49,74671.18,141754.67
1344,04-15 21:00:00,Up,74671.18,74712.30,133345.69
1345,04-15 21:05:00,Down,74712.30,74616.28,123798.88
1346,04-15 21:10:00,Up,74616.28,74693.87,150051.92
1347,04-15 21:15:00,Down,74693.87,74650.61,114905.20
1348,04-15 21:20:00,Up,74650.61,74753.40,100549.79
1349,04-15 21:25:00,Up,74753.40,74912.49,155576.90
1350,04-15 21:30:00,Up,74912.49,74974.50,281098.07
1351,04-15 21:35:00,Up,74974.50,75065.79,114379.10
1352,04-15 21:40:00,Up,75065.79,75212.04,280262.10
1353,04-15 21:45:00,Down,75212.04,74989.86,232397.60
1354,04-15 21:50:00,Down,74989.86,74909.71,172776.03
1355,04-15 21:55:00,Down,74909.71,74899.83,143636.04
1356,04-15 22:00:00,Up,74899.83,75006.01,116819.75
1357,04-15 22:05:00,Down,75006.01,74957.00,123749.62
1358,04-15 22:10:00,Up,74957.00,74969.91,88256.63
1359,04-15 22:15:00,Up,74969.91,75082.54,85098.83
1360,04-15 22:20:00,Down,75082.54,75078.92,65375.34
1361,04-15 22:25:00,Down,75078.92,75056.42,81592.68
1362,04-15 22:30:00,Down,75056.42,74983.28,77674.70
1363,04-15 22:35:00,Up,74983.28,74989.39,80736.60
1364,04-15 22:40:00,Down,74989.39,74987.33,79378.15
1365,04-15 22:45:00,Down,74987.33,74952.48,71648.61
1366,04-15 22:50:00,Up,74952.48,74975.00,105397.28
1367,04-15 22:55:00,Down,74975.00,74901.00,67678.08
1368,04-15 23:00:00,Down,74901.00,74882.89,77097.40
1369,04-15 23:05:00,Up,74882.89,74937.41,144235.95
1370,04-15 23:10:00,Up,74937.41,74953.79,94639.20
1371,04-15 23:15:00,Up,74953.79,74956.55,140452.57
1372,04-15 23:20:00,Down,74956.55,74902.78,113262.86
1373,04-15 23:25:00,Up,74902.78,74938.63,82526.33
1374,04-15 23:30:00,Up,74938.63,74968.78,88793.36
1375,04-15 23:35:00,Up,74968.78,75050.61,73394.03
1376,04-15 23:40:00,Up,75050.61,75123.14,132030.63
1377,04-15 23:45:00,Down,75123.14,74844.20,162755.95
1378,04-15 23:50:00,Up,74844.20,74967.93,80568.31
1379,04-15 23:55:00,Down,74967.93,74959.73,79634.32
1380,04-16 00:00:00,Up,74959.73,75019.69,74349.71
1381,04-16 00:05:00,Down,75019.69,74931.79,67342.90
1382,04-16 00:10:00,Up,74931.79,74935.16,73063.03
1383,04-16 00:15:00,Up,74935.16,75011.09,95385.06
1384,04-16 00:20:00,Up,75011.09,75063.66,93225.60
1385,04-16 00:25:00,Up,75063.66,75079.25,233598.02
1386,04-16 00:30:00,Up,75079.25,75116.30,122732.09
1387,04-16 00:35:00,Up,75116.30,75126.52,168648.16
1388,04-16 00:40:00,Down,75126.52,75069.96,116848.24
1389,04-16 00:45:00,Down,75069.96,75051.58,100369.42
1390,04-16 00:50:00,Up,75051.58,75068.69,81058.52
1391,04-16 00:55:00,Down,75068.69,75054.73,80985.30
1392,04-16 01:00:00,Down,75054.73,75034.17,131234.61
1393,04-16 01:05:00,Up,75034.17,75092.72,123988.29
1394,04-16 01:10:00,Down,75092.72,75025.38,93527.51
1395,04-16 01:15:00,Up,75025.38,75086.88,121287.79
1396,04-16 01:20:00,Down,75086.88,75054.45,99108.97
1397,04-16 01:25:00,Down,75054.45,75031.28,156442.80
1398,04-16 01:30:00,Down,75031.28,74997.84,77455.96
1399,04-16 01:35:00,Up,74997.84,75016.78,79559.37
1400,04-16 01:40:00,Down,75016.78,74948.17,106283.46
1401,04-16 01:45:00,Up,74948.17,75005.96,130762.57
1402,04-16 01:50:00,Down,75005.96,74990.63,90819.74
1403,04-16 01:55:00,Up,74990.63,75044.24,76923.75
1404,04-16 02:00:00,Up,75044.24,75068.48,102433.31
1405,04-16 02:05:00,Down,75068.48,74987.41,102729.38
1406,04-16 02:10:00,Down,74987.41,74918.08,81683.74
1407,04-16 02:15:00,Up,74918.08,74926.58,258317.04
1408,04-16 02:20:00,Down,74926.58,74916.58,422493.00
1409,04-16 02:25:00,Down,74916.58,74912.32,89695.42
1410,04-16 02:30:00,Down,74912.32,74896.29,103696.69
1411,04-16 02:35:00,Down,74896.29,74875.48,73072.03
1412,04-16 02:40:00,Down,74875.48,74870.13,142037.93
1413,04-16 02:45:00,Down,74870.13,74776.40,105072.86
1414,04-16 02:50:00,Down,74776.40,74663.69,152676.47
1415,04-16 02:55:00,Up,74663.69,74717.54,150348.82
1416,04-16 03:00:00,Down,74717.54,74631.69,130157.77
1417,04-16 03:05:00,Down,74631.69,74550.88,128633.36
1418,04-16 03:10:00,Down,74550.88,74546.29,174735.80
1419,04-16 03:15:00,Up,74546.29,74641.28,74700.97
1420,04-16 03:20:00,Up,74641.28,74690.42,60779.17
1421,04-16 03:25:00,Up,74690.42,74700.48,90693.05
1422,04-16 03:30:00,Up,74700.48,74717.42,91770.93
1423,04-16 03:35:00,Down,74717.42,74676.32,65334.19
1424,04-16 03:40:00,Up,74676.32,74686.77,98566.58
1425,04-16 03:45:00,Up,74686.77,74731.58,71203.44
1426,04-16 03:50:00,Down,74731.58,74700.15,57471.10
1427,04-16 03:55:00,Down,74700.15,74685.08,81334.01
1428,04-16 04:00:00,Up,74685.08,74747.78,79676.80
1429,04-16 04:05:00,Down,74747.78,74738.85,94289.49
1430,04-16 04:10:00,Up,74738.85,74756.87,74866.04
1431,04-16 04:15:00,Up,74756.87,74838.64,71123.37
1432,04-16 04:20:00,Up,74838.64,74885.31,79984.69
1433,04-16 04:25:00,Down,74885.31,74834.00,95966.31
1434,04-16 04:30:00,Down,74834.00,74775.22,90276.95
1435,04-16 04:35:00,Up,74775.22,74791.70,74029.13
1436,04-16 04:40:00,Down,74791.70,74709.80,79917.46
1437,04-16 04:45:00,Down,74709.80,74625.03,81648.76
1438,04-16 04:50:00,Up,74625.03,74652.52,80891.33
1439,04-16 04:55:00,Down,74652.52,74605.85,83658.58
1440,04-16 05:00:00,Down,74605.85,74586.66,142738.34
1441,04-16 05:05:00,Down,74586.66,74559.14,129342.42
1442,04-16 05:10:00,Down,74559.14,74429.93,137732.45
1443,04-16 05:15:00,Down,74429.93,74360.95,121328.98
1444,04-16 05:20:00,Up,74360.95,74450.48,87733.48
1445,04-16 05:25:00,Up,74450.48,74467.39,90335.11
1446,04-16 05:30:00,Up,74467.39,74476.15,115359.73
1447,04-16 05:35:00,Down,74476.15,74463.39,88919.39
1448,04-16 05:40:00,Down,74463.39,74398.73,97481.19
1449,04-16 05:45:00,Down,74398.73,74282.45,143333.34
1450,04-16 05:50:00,Up,74282.45,74350.51,76904.62
1451,04-16 05:55:00,Down,74350.51,74315.70,107014.39
1452,04-16 06:00:00,Up,74315.70,74379.86,97057.63
1453,04-16 06:05:00,Down,74379.86,74317.41,77455.47
1454,04-16 06:10:00,Up,74317.41,74323.96,114012.30
1455,04-16 06:15:00,Down,74323.96,74292.28,86424.36
1456,04-16 06:20:00,Up,74292.28,74320.87,86975.45
1457,04-16 06:25:00,Up,74320.87,74384.96,84103.88
1458,04-16 06:30:00,Up,74384.96,74438.86,152110.81
1459,04-16 06:35:00,Down,74438.86,74418.96,161164.96
1460,04-16 06:40:00,Up,74418.96,74455.61,92256.71
1461,04-16 06:45:00,Up,74455.61,74475.87,102139.23
1462,04-16 06:50:00,Up,74475.87,74553.55,107760.99
1463,04-16 06:55:00,Up,74553.55,74580.60,107579.98
1464,04-16 07:00:00,Up,74580.60,74746.80,116549.48
1465,04-16 07:05:00,Down,74746.80,74664.20,111067.58
1466,04-16 07:10:00,Up,74664.20,74751.96,135136.51
1467,04-16 07:15:00,Up,74751.96,74757.01,120595.85
1468,04-16 07:20:00,Down,74757.01,74704.21,99884.56
1469,04-16 07:25:00,Up,74704.21,74719.82,104208.23
1470,04-16 07:30:00,Up,74719.82,74722.85,137908.47
1471,04-16 07:35:00,Down,74722.85,74647.83,83811.09
1472,04-16 07:40:00,Up,74647.83,74671.15,158829.70
1473,04-16 07:45:00,Down,74671.15,74612.35,90175.51
1474,04-16 07:50:00,Up,74612.35,74614.19,123663.33
1475,04-16 07:55:00,Up,74614.19,74629.20,113177.83
1476,04-16 08:00:00,Up,74629.20,74642.88,150785.27
1477,04-16 08:05:00,Up,74642.88,74758.63,108307.86
1478,04-16 08:10:00,Up,74758.63,74831.99,121430.45
1479,04-16 08:15:00,Up,74831.99,74934.05,122561.73
1480,04-16 08:20:00,Down,74934.05,74932.69,186549.58
1481,04-16 08:25:00,Up,74932.69,74974.44,155212.09
1482,04-16 08:30:00,Down,74974.44,74815.68,214866.36
1483,04-16 08:35:00,Down,74815.68,74624.42,183079.65
1484,04-16 08:40:00,Down,74624.42,74611.97,176003.22
1485,04-16 08:45:00,Down,74611.97,74498.88,126030.98
1486,04-16 08:50:00,Down,74498.88,73461.36,156120.60
1487,04-16 08:55:00,Up,73461.36,73794.18,189284.59
1488,04-16 09:00:00,Down,73794.18,73703.36,176029.22
1489,04-16 09:05:00,Up,73703.36,73940.13,126877.84
1490,04-16 09:10:00,Down,73940.13,73836.94,121765.05
1491,04-16 09:15:00,Down,73836.94,73590.23,147435.47
1492,04-16 09:20:00,Down,73590.23,73566.93,226178.78
1493,04-16 09:25:00,Up,73566.93,73780.42,151874.25
1494,04-16 09:30:00,Up,73780.42,73917.08,107041.54
1495,04-16 09:35:00,Down,73917.08,73896.14,125110.06
1496,04-16 09:40:00,Up,73896.14,73979.32,126776.81
1497,04-16 09:45:00,Up,73979.32,74084.02,116939.76
1498,04-16 09:50:00,Down,74084.02,74021.15,129489.45
1499,04-16 09:55:00,Down,74021.15,73978.69,138782.12
1500,04-16 10:00:00,Up,73978.69,74064.77,127546.62