timestamp,type,price,shares,value,signal,pnl,reason,capital_after
2024-04-19 07:00:00,OPEN_LONG,64547.18,0.015492543593693791,1000.0,BUY,,,
2024-04-19 08:00:00,CLOSE_LONG,64639.02,0.015492543593693791,,,-0.5785876315587757,DAILY_LOSS_STOP,9999.421412368441
2024-04-20 01:00:00,OPEN_LONG,63656.0,0.015709438230488877,1000.0,BUY,,,
2024-04-20 02:00:00,CLOSE_LONG,63834.02,0.015709438230488877,,,0.7937975995978377,DAILY_LOSS_STOP,10000.215209968039
2024-04-21 00:00:00,OPEN_LONG,64759.98,0.015441635405075788,1000.0,BUY,,,
2024-04-21 01:00:00,CLOSE_LONG,64946.0,0.015441635405075788,,,0.8695805650340844,DAILY_LOSS_STOP,10001.084790533072
2024-04-22 05:00:00,OPEN_LONG,66377.99,0.015065234726149434,1000.0,BUY,,,
2024-04-22 06:00:00,CLOSE_LONG,66300.0,0.015065234726149434,,,-3.1737627186361124,DAILY_LOSS_STOP,9997.911027814436
2024-04-23 00:00:00,OPEN_LONG,67028.14,0.014919107109342435,1000.0,BUY,,,
2024-04-23 01:00:00,CLOSE_LONG,66780.0,0.014919107109342435,,,-5.698325210873918,DAILY_LOSS_STOP,9992.212702603561
2024-04-24 08:00:00,OPEN_LONG,66533.99,0.01502991177892683,1000.0,BUY,,,
2024-04-24 09:00:00,CLOSE_LONG,66366.01,0.01502991177892683,,,-4.522199856043585,DAILY_LOSS_STOP,9987.690502747519
2024-04-25 00:00:00,OPEN_SHORT,64557.25,0.01549012698031592,1000.0,SELL,,,
2024-04-26 00:00:00,CLOSE_SHORT,64307.03,0.01549012698031592,,,1.8798155125879248,DAILY_LOSS_STOP,9989.570318260106
2024-04-27 00:00:00,OPEN_SHORT,63181.99,0.015827295088363,1000.0,SELL,,,
2024-04-28 00:00:00,CLOSE_SHORT,63616.57,0.015827295088363,,,-8.885104125400176,DAILY_LOSS_STOP,9980.685214134706
2024-04-29 00:00:00,OPEN_SHORT,63257.43,0.015808419659160987,1000.0,SELL,,,
2024-04-30 00:00:00,CLOSE_SHORT,64580.0,0.015808419659160987,,,-22.928649330205076,DAILY_LOSS_STOP,9957.756564804502
2024-05-01 00:00:00,OPEN_SHORT,60240.57,0.016600108531509578,1000.0,SELL,,,
2024-05-02 00:00:00,CLOSE_SHORT,57767.29,0.016600108531509578,,,39.09777314524092,DAILY_LOSS_STOP,9996.854337949742
2024-05-03 01:00:00,OPEN_LONG,59311.11,0.016860247599480096,1000.0,BUY,,,
2024-05-03 02:00:00,CLOSE_LONG,59543.76,0.016860247599480096,,,1.9186140674152057,DAILY_LOSS_STOP,9998.772952017158
2024-05-04 00:00:00,OPEN_LONG,63083.99,0.015851882545793314,1000.0,BUY,,,
2024-05-04 01:00:00,CLOSE_LONG,62856.03,0.015851882545793314,,,-5.60998154999379,DAILY_LOSS_STOP,9993.162970467163
2024-05-05 00:00:00,OPEN_LONG,63509.52,0.01574567088524681,1000.0,BUY,,,
2024-05-05 01:00:00,CLOSE_LONG,63315.47,0.01574567088524681,,,-5.052391987846704,DAILY_LOSS_STOP,9988.110578479316
2024-05-06 03:00:00,OPEN_LONG,63866.59,0.015657638837457896,1000.0,BUY,,,
2024-05-06 04:00:00,CLOSE_LONG,64166.0,0.015657638837457896,,,2.683365590679159,DAILY_LOSS_STOP,9990.793944069996
2024-05-07 00:00:00,OPEN_SHORT,63545.45,0.015736767935391128,1000.0,SELL,,,
2024-05-08 00:00:00,CLOSE_SHORT,62586.01,0.015736767935391128,,,13.113583112559695,DAILY_LOSS_STOP,10003.907527182555
2024-05-09 00:00:00,OPEN_SHORT,61400.0,0.016286644951140065,1000.0,SELL,,,
2024-05-10 00:00:00,CLOSE_SHORT,62840.73,0.016286644951140065,,,-25.48812263843638,DAILY_LOSS_STOP,9978.419404544118
2024-05-11 00:00:00,OPEN_SHORT,60779.99,0.016452783226848178,1000.0,SELL,,,
2024-05-12 00:00:00,CLOSE_SHORT,60978.0,0.016452783226848178,,,-5.261073422354912,DAILY_LOSS_STOP,9973.158331121764
2024-05-13 05:00:00,OPEN_SHORT,60858.97,0.01643143155396813,1000.0,SELL,,,
2024-05-13 07:00:00,CLOSE_SHORT,62334.37,0.01643143155396813,,,-26.267177048839244,SIGNAL_REVERSE,9946.891154072924
2024-05-13 08:00:00,OPEN_LONG,62767.18,0.015931893068957377,1000.0,BUY,,,
2024-05-13 09:00:00,CLOSE_LONG,63060.6,0.015931893068957377,,,2.6700613282292807,DAILY_LOSS_STOP,9949.561215401154
2024-05-14 00:00:00,OPEN_LONG,62815.03,0.015919756784323752,1000.0,BUY,,,
2024-05-14 01:00:00,CLOSE_LONG,62652.02,0.015919756784323752,,,-4.592484473859145,DAILY_LOSS_STOP,9944.968730927296
2024-05-15 00:00:00,OPEN_SHORT,61438.35,0.01627647877913388,1000.0,SELL,,,
2024-05-15 15:00:00,CLOSE_SHORT,64725.11,0.01627647877913388,,,-55.55037627149818,SIGNAL_REVERSE,9889.418354655798
2024-05-15 16:00:00,OPEN_LONG,64759.27,0.015441804702245718,1000.0,BUY,,,
2024-05-15 17:00:00,CLOSE_LONG,65046.56,0.015441804702245718,,,2.431839796835334,DAILY_LOSS_STOP,9891.850194452632
2024-05-16 00:00:00,OPEN_LONG,66083.9,0.015132278815263628,1000.0,BUY,,,
2024-05-16 01:00:00,CLOSE_LONG,65985.99,0.015132278815263628,,,-3.4801198173832972,DAILY_LOSS_STOP,9888.37007463525
2024-05-17 15:00:00,OPEN_LONG,67195.1,0.014882037529522241,1000.0,BUY,,,
2024-05-17 16:00:00,CLOSE_LONG,66929.99,0.014882037529522241,,,-5.941431592482104,DAILY_LOSS_STOP,9882.428643042767
2024-05-18 00:00:00,OPEN_LONG,66891.59,0.014949562418833221,1000.0,BUY,,,
2024-05-18 01:00:00,CLOSE_LONG,66980.0,0.014949562418833221,,,-0.6796308773641613,DAILY_LOSS_STOP,9881.749012165403
2024-05-19 17:00:00,OPEN_SHORT,66720.01,0.014988007345922162,1000.0,SELL,,,
2024-05-20 00:00:00,CLOSE_SHORT,66459.99,0.014988007345922162,,,1.9010788517566652,DAILY_LOSS_STOP,9883.65009101716
2024-05-21 00:00:00,OPEN_LONG,71312.32,0.014022822423951429,1000.0,BUY,,,
2024-05-21 01:00:00,CLOSE_LONG,71089.96,0.014022822423951429,,,-5.114996679395517,DAILY_LOSS_STOP,9878.535094337763
2024-05-22 07:00:00,OPEN_SHORT,69715.0,0.014344115326687227,1000.0,SELL,,,
2024-05-23 00:00:00,CLOSE_SHORT,69499.81,0.014344115326687227,,,1.089796887327111,DAILY_LOSS_STOP,9879.62489122509
2024-05-24 00:00:00,OPEN_SHORT,67852.0,0.014737959087425574,1000.0,SELL,,,
2024-05-25 00:00:00,CLOSE_SHORT,68530.89,0.014737959087425574,,,-12.015458497907161,DAILY_LOSS_STOP,9867.609432727184
2024-05-26 00:00:00,OPEN_LONG,69156.0,0.014460061310659958,1000.0,BUY,,,
2024-05-26 01:00:00,CLOSE_LONG,69161.44,0.014460061310659958,,,-1.9214159292034765,DAILY_LOSS_STOP,9865.68801679798
2024-05-27 00:00:00,OPEN_SHORT,68821.71,0.01453029865139939,1000.0,SELL,,,
2024-05-28 00:00:00,CLOSE_SHORT,69377.41,0.01453029865139939,,,-10.082561447543071,DAILY_LOSS_STOP,9855.605455350436
2024-05-29 00:00:00,OPEN_SHORT,68496.0,0.014599392665265125,1000.0,SELL,,,
2024-05-30 00:00:00,CLOSE_SHORT,67583.0,0.014599392665265125,,,11.34257474889057,DAILY_LOSS_STOP,9866.948030099327
2024-05-31 16:00:00,OPEN_SHORT,67200.01,0.014880950166525273,1000.0,SELL,,,
2024-06-01 00:00:00,CLOSE_SHORT,67655.66,0.014880950166525273,,,-8.787285448320631,DAILY_LOSS_STOP,9858.160744651006
2024-06-02 09:00:00,OPEN_SHORT,67529.99,0.014808235570596115,1000.0,SELL,,,
2024-06-03 00:00:00,CLOSE_SHORT,67823.99,0.014808235570596115,,,-6.357974879013,DAILY_LOSS_STOP,9851.802769771994
2024-06-04 21:00:00,OPEN_LONG,70620.0,0.01416029453412631,1000.0,BUY,,,
2024-06-04 22:00:00,CLOSE_LONG,70561.3,0.01416029453412631,,,-2.8303780798639764,DAILY_LOSS_STOP,9848.97239169213
2024-06-05 00:00:00,OPEN_LONG,70776.0,0.014129083305075167,1000.0,BUY,,,
2024-06-05 01:00:00,CLOSE_LONG,70986.3,0.014129083305075167,,,0.9683748728384671,DAILY_LOSS_STOP,9849.940766564969
2024-06-06 20:00:00,OPEN_SHORT,70720.01,0.014140269493740174,1000.0,SELL,,,
2024-06-07 00:00:00,CLOSE_SHORT,70883.05,0.014140269493740174,,,-4.307734967797728,DAILY_LOSS_STOP,9845.633031597172
2024-06-08 00:00:00,OPEN_SHORT,69401.5,0.014408910470234793,1000.0,SELL,,,
2024-06-09 00:00:00,CLOSE_SHORT,69268.7,0.014408910470234793,,,-0.08458318624218464,DAILY_LOSS_STOP,9845.54844841093
2024-06-10 12:00:00,OPEN_SHORT,69363.99,0.014416702384046822,1000.0,SELL,,,
2024-06-11 00:00:00,CLOSE_SHORT,69410.85,0.014416702384046822,,,-2.6762422403901382,DAILY_LOSS_STOP,9842.87220617054
2024-06-12 00:00:00,OPEN_SHORT,67199.99,0.014880954595380146,1000.0,SELL,,,
2024-06-12 15:00:00,CLOSE_SHORT,69734.0,0.014880954595380146,,,-39.746196241993175,SIGNAL_REVERSE,9803.126009928546
2024-06-12 18:00:00,OPEN_LONG,68828.01,0.014528968656801207,1000.0,BUY,,,
2024-06-12 19:00:00,CLOSE_LONG,67532.92,0.014528968656801207,,,-20.79750569571877,DAILY_LOSS_STOP,9782.328504232828
2024-06-13 09:00:00,OPEN_SHORT,67419.86,0.01483242474843466,1000.0,SELL,,,
2024-06-14 00:00:00,CLOSE_SHORT,66727.73,0.01483242474843466,,,8.276232107275405,DAILY_LOSS_STOP,9790.604736340103
2024-06-15 00:00:00,OPEN_SHORT,66185.62,0.015109022171281315,1000.0,SELL,,,
2024-06-16 00:00:00,CLOSE_SHORT,66161.96,0.015109022171281315,,,-1.6421630559628966,DAILY_LOSS_STOP,9788.96257328414
2024-06-17 06:00:00,OPEN_SHORT,66132.4,0.015121181145701655,1000.0,SELL,,,
2024-06-18 00:00:00,CLOSE_SHORT,65749.99,0.015121181145701655,,,3.7882733728096127,DAILY_LOSS_STOP,9792.750846656949
2024-06-19 00:00:00,OPEN_SHORT,65142.54,0.01535095192788,1000.0,SELL,,,
2024-06-20 00:00:00,CLOSE_SHORT,65098.01,0.01535095192788,,,-1.3157385327619977,DAILY_LOSS_STOP,9791.435108124188
2024-06-21 04:00:00,OPEN_SHORT,64670.0,0.015463120457708366,1000.0,SELL,,,
2024-06-22 00:00:00,CLOSE_SHORT,64056.47,0.015463120457708366,,,7.496575382712308,DAILY_LOSS_STOP,9798.9316835069
2024-06-23 18:00:00,OPEN_SHORT,64111.98,0.015597708883737484,1000.0,SELL,,,
2024-06-24 00:00:00,CLOSE_SHORT,63080.0,0.015597708883737484,,,14.112620137453405,DAILY_LOSS_STOP,9813.044303644354
2024-06-25 00:00:00,OPEN_SHORT,60409.11,0.016553794618063403,1000.0,SELL,,,
2024-06-25 16:00:00,CLOSE_SHORT,61390.01,0.016553794618063403,,,-18.253854757999193,SIGNAL_REVERSE,9794.790448886355
2024-06-25 18:00:00,OPEN_LONG,62159.09,0.016087751606402217,1000.0,BUY,,,
2024-06-25 19:00:00,CLOSE_LONG,61975.46,0.016087751606402217,,,-4.951239633656087,DAILY_LOSS_STOP,9789.8392092527
2024-06-26 00:00:00,OPEN_LONG,61767.72,0.01618968613379286,1000.0,BUY,,,
2024-06-26 01:00:00,CLOSE_LONG,62090.01,0.01618968613379286,,,3.2125561701161587,DAILY_LOSS_STOP,9793.051765422815
2024-06-27 00:00:00,OPEN_SHORT,60982.0,0.01639828146010298,1000.0,SELL,,,
2024-06-28 00:00:00,CLOSE_SHORT,61560.0,0.01639828146010298,,,-11.487684890623314,DAILY_LOSS_STOP,9781.564080532193
2024-06-29 00:00:00,OPEN_SHORT,60770.71,0.016455295651474206,1000.0,SELL,,,
2024-06-30 00:00:00,CLOSE_SHORT,61024.55,0.016455295651474206,,,-6.181189260418364,DAILY_LOSS_STOP,9775.382891271774
2024-07-01 01:00:00,OPEN_LONG,63640.82,0.015713185342363597,1000.0,BUY,,,
2024-07-01 02:00:00,CLOSE_LONG,63435.86,0.015713185342363597,,,-5.21735389330297,DAILY_LOSS_STOP,9770.16553737847
2024-07-02 12:00:00,OPEN_SHORT,62878.45,0.01590369991626702,1000.0,SELL,,,
2024-07-03 00:00:00,CLOSE_SHORT,62094.02,0.01590369991626702,,,10.48781466464277,DAILY_LOSS_STOP,9780.653352043113
2024-07-04 00:00:00,OPEN_SHORT,60430.01,0.016548069411208108,1000.0,SELL,,,
2024-07-05 00:00:00,CLOSE_SHORT,57375.99,0.016548069411208108,,,48.58867307816115,DAILY_LOSS_STOP,9829.242025121273
2024-07-06 00:00:00,OPEN_SHORT,56601.1,0.0176675011616382,1000.0,SELL,,,
2024-07-06 08:00:00,CLOSE_SHORT,56557.81,0.0176675011616382,,,-1.2344090485872812,SIGNAL_REVERSE,9828.007616072686
2024-07-06 09:00:00,OPEN_LONG,56766.0,0.017616178698516716,1000.0,BUY,,,
2024-07-06 10:00:00,CLOSE_LONG,56780.0,0.017616178698516716,,,-1.7536201247223744,DAILY_LOSS_STOP,9826.253995947964
2024-07-07 00:00:00,OPEN_LONG,57931.79,0.017261679640832778,1000.0,BUY,,,
2024-07-07 01:00:00,CLOSE_LONG,58114.0,0.017261679640832778,,,1.1421053967089847,DAILY_LOSS_STOP,9827.396101344671
2024-07-08 00:00:00,OPEN_SHORT,55094.0,0.018150796819980396,1000.0,SELL,,,
2024-07-09 00:00:00,CLOSE_SHORT,56531.05,0.018150796819980396,,,-28.10968617272283,DAILY_LOSS_STOP,9799.286415171948
2024-07-10 01:00:00,OPEN_LONG,57798.89,0.01730137032043349,1000.0,BUY,,,
2024-07-10 02:00:00,CLOSE_LONG,57882.55,0.01730137032043349,,,-0.554014791633449,DAILY_LOSS_STOP,9798.732400380315
2024-07-11 02:00:00,OPEN_SHORT,57869.99,0.017280113578730532,1000.0,SELL,,,
2024-07-12 00:00:00,CLOSE_SHORT,57178.0,0.017280113578730532,,,9.969623461141168,DAILY_LOSS_STOP,9808.702023841455
2024-07-13 08:00:00,OPEN_LONG,57949.93,0.017256276237089502,1000.0,BUY,,,
2024-07-13 09:00:00,CLOSE_LONG,58678.02,0.017256276237089502,,,10.551558043297064,DAILY_LOSS_STOP,9819.253581884752
2024-07-14 00:00:00,OPEN_LONG,59753.99,0.016735284120775868,1000.0,BUY,,,
2024-07-14 01:00:00,CLOSE_LONG,59705.99,0.016735284120775868,,,-2.8024903441594233,DAILY_LOSS_STOP,9816.451091540592
2024-07-15 00:00:00,OPEN_LONG,61211.99,0.016336668682067026,1000.0,BUY,,,
2024-07-15 01:00:00,CLOSE_LONG,61390.0,0.016336668682067026,,,0.90518230170278,DAILY_LOSS_STOP,9817.356273842295
2024-07-16 00:00:00,OPEN_LONG,64611.44,0.015477135318451345,1000.0,BUY,,,
2024-07-16 01:00:00,CLOSE_LONG,64848.08,0.015477135318451345,,,1.658846792456643,DAILY_LOSS_STOP,9819.015120634751
2024-07-17 04:00:00,OPEN_LONG,65830.0,0.015190642564180465,1000.0,BUY,,,
2024-07-17 05:00:00,CLOSE_LONG,65624.01,0.015190642564180465,,,-5.125991341333588,DAILY_LOSS_STOP,9813.889129293417
2024-07-18 00:00:00,OPEN_SHORT,64443.54,0.015517459158823367,1000.0,SELL,,,
2024-07-19 00:00:00,CLOSE_SHORT,63600.0,0.015517459158823367,,,11.10268709633283,DAILY_LOSS_STOP,9824.99181638975
2024-07-20 02:00:00,OPEN_LONG,66570.57,0.015021652961661585,1000.0,BUY,,,
2024-07-20 03:00:00,CLOSE_LONG,66602.01,0.015021652961661585,,,-1.5281915116545406,DAILY_LOSS_STOP,9823.463624878095
2024-07-22 15:00:00,OPEN_SHORT,67063.87,0.01491115857167205,1000.0,SELL,,,
2024-07-23 00:00:00,CLOSE_SHORT,67490.01,0.01491115857167205,,,-8.360595354845941,DAILY_LOSS_STOP,9815.103029523249
2024-07-24 00:00:00,OPEN_SHORT,65784.7,0.015201102992033103,1000.0,SELL,,,
2024-07-25 00:00:00,CLOSE_SHORT,65514.8,0.015201102992033103,,,2.1068804752472943,DAILY_LOSS_STOP,9817.209909998495
2024-07-26 06:00:00,OPEN_LONG,67062.01,0.014911572140471186,1000.0,BUY,,,
2024-07-26 07:00:00,CLOSE_LONG,66890.56,0.014911572140471186,,,-4.554032454440062,DAILY_LOSS_STOP,9812.655877544055
2024-07-27 00:00:00,OPEN_LONG,67872.27,0.014733557607547234,1000.0,BUY,,,
2024-07-27 01:00:00,CLOSE_LONG,67657.99,0.014733557607547234,,,-5.153949617420949,DAILY_LOSS_STOP,9807.501927926634
2024-07-28 06:00:00,OPEN_SHORT,67486.01,0.014817885958882442,1000.0,SELL,,,
2024-07-29 00:00:00,CLOSE_SHORT,68714.01,0.014817885958882442,,,-20.214560321465,DAILY_LOSS_STOP,9787.28736760517
2024-07-30 00:00:00,OPEN_SHORT,66610.0,0.015012760846719712,1000.0,SELL,,,
2024-07-31 00:00:00,CLOSE_SHORT,66344.0,0.015012760846719712,,,1.9973877796128363,DAILY_LOSS_STOP,9789.284755384782
2024-08-01 00:00:00,OPEN_SHORT,64645.9,0.015468885111043391,1000.0,SELL,,,
2024-08-02 00:00:00,CLOSE_SHORT,64897.99,0.015468885111043391,,,-5.90345079889039,DAILY_LOSS_STOP,9783.381304585891
2024-08-03 00:00:00,OPEN_SHORT,61132.01,0.016358042210619282,1000.0,SELL,,,
2024-08-04 00:00:00,CLOSE_SHORT,60747.0,0.016358042210619282,,,4.304307841342279,DAILY_LOSS_STOP,9787.685612427234
2024-08-05 00:00:00,OPEN_SHORT,56174.02,0.017801823690026104,1000.0,SELL,,,
2024-08-06 00:00:00,CLOSE_SHORT,56038.0,0.017801823690026104,,,0.42382546237570295,DAILY_LOSS_STOP,9788.10943788961
2024-08-07 01:00:00,OPEN_LONG,56965.99,0.017554333734917976,1000.0,BUY,,,
2024-08-07 02:00:00,CLOSE_LONG,56762.01,0.017554333734917976,,,-5.577152262253094,DAILY_LOSS_STOP,9782.532285627358
2024-08-08 03:00:00,OPEN_LONG,57049.74,0.017528563670929965,1000.0,BUY,,,
2024-08-08 04:00:00,CLOSE_LONG,56765.34,0.017528563670929965,,,-6.980138384504357,DAILY_LOSS_STOP,9775.552147242854
2024-08-09 00:00:00,OPEN_LONG,61214.0,0.016336132257326757,1000.0,BUY,,,
2024-08-09 01:00:00,CLOSE_LONG,61400.0,0.016336132257326757,,,1.0354820792630335,DAILY_LOSS_STOP,9776.587629322117
2024-08-11 14:00:00,OPEN_SHORT,60350.0,0.016570008285004142,1000.0,SELL,,,
2024-08-12 00:00:00,CLOSE_SHORT,58450.0,0.016570008285004142,,,29.5144987572495,DAILY_LOSS_STOP,9806.102128079367
2024-08-13 10:00:00,OPEN_SHORT,58672.1,0.017043876050115814,1000.0,SELL,,,
2024-08-13 18:00:00,CLOSE_SHORT,60795.41,0.017043876050115814,,,-38.22562188842721,SIGNAL_REVERSE,9767.87650619094
2024-08-13 19:00:00,OPEN_LONG,60820.15,0.016441919331011186,1000.0,BUY,,,
2024-08-13 20:00:00,CLOSE_LONG,60569.14,0.016441919331011186,,,-6.1229590851057765,DAILY_LOSS_STOP,9761.753547105835
2024-08-14 02:00:00,OPEN_LONG,60805.49,0.016445883422697524,1000.0,BUY,,,
2024-08-14 03:00:00,CLOSE_LONG,60952.83,0.016445883422697524,,,0.42071332703699227,DAILY_LOSS_STOP,9762.174260432872
2024-08-15 00:00:00,OPEN_SHORT,58993.99,0.01695087923363041,1000.0,SELL,,,
2024-08-16 00:00:00,CLOSE_SHORT,57469.99,0.01695087923363041,,,23.85897309200493,DAILY_LOSS_STOP,9786.033233524877
2024-08-17 00:00:00,OPEN_LONG,59187.25,0.016895530709739006,1000.0,BUY,,,
2024-08-17 01:00:00,CLOSE_LONG,59248.49,0.016895530709739006,,,-0.9663523816361703,DAILY_LOSS_STOP,9785.06688114324
2024-08-18 16:00:00,OPEN_LONG,59840.45,0.016711104278126252,1000.0,BUY,,,
2024-08-18 17:00:00,CLOSE_LONG,59527.58,0.016711104278126252,,,-7.22317479230162,DAILY_LOSS_STOP,9777.84370635094
2024-08-19 00:00:00,OPEN_SHORT,58346.03,0.01713912668951084,1000.0,SELL,,,
2024-08-20 00:00:00,CLOSE_SHORT,60482.78,0.01713912668951084,,,-38.65865098276595,DAILY_LOSS_STOP,9739.185055368172
2024-08-21 00:00:00,OPEN_SHORT,58989.0,0.01695231314312838,1000.0,SELL,,,
2024-08-21 18:00:00,CLOSE_SHORT,60771.28,0.01695231314312838,,,-32.243982437403474,SIGNAL_REVERSE,9706.94107293077
2024-08-21 19:00:00,OPEN_LONG,61570.0,0.01624167614097775,1000.0,BUY,,,
2024-08-21 20:00:00,CLOSE_LONG,61236.0,0.01624167614097775,,,-7.419295111255337,DAILY_LOSS_STOP,9699.521777819515
2024-08-22 00:00:00,OPEN_LONG,60818.15,0.016442460022213765,1000.0,BUY,,,
2024-08-22 01:00:00,CLOSE_LONG,60970.0,0.016442460022213765,,,0.49429076681883544,DAILY_LOSS_STOP,9700.016068586334
2024-08-23 16:00:00,OPEN_LONG,61731.99,0.016199056599341767,1000.0,BUY,,,
2024-08-23 17:00:00,CLOSE_LONG,62999.89,0.016199056599341767,,,18.51824507844333,DAILY_LOSS_STOP,9718.534313664777
2024-08-24 00:00:00,OPEN_LONG,63961.78,0.015634336630406472,1000.0,BUY,,,
2024-08-24 01:00:00,CLOSE_LONG,63836.48,0.015634336630406472,,,-3.957023397410012,DAILY_LOSS_STOP,9714.577290267367
2024-08-26 07:00:00,OPEN_SHORT,63627.01,0.015716595829349832,1000.0,SELL,,,
2024-08-27 00:00:00,CLOSE_SHORT,62722.0,0.015716595829349832,,,12.237900067911596,DAILY_LOSS_STOP,9726.81519033528
2024-08-28 00:00:00,OPEN_SHORT,59088.94,0.016923640870863482,1000.0,SELL,,,
2024-08-29 00:00:00,CLOSE_SHORT,59205.83,0.016923640870863482,,,-3.9801825857765607,DAILY_LOSS_STOP,9722.835007749502
2024-08-30 00:00:00,OPEN_SHORT,59204.01,0.016890747771983686,1000.0,SELL,,,
2024-08-31 00:00:00,CLOSE_SHORT,59246.01,0.016890747771983686,,,-2.7101208178296474,DAILY_LOSS_STOP,9720.124886931671
2024-09-01 00:00:00,OPEN_SHORT,58930.0,0.016969285593076533,1000.0,SELL,,,
2024-09-02 00:00:00,CLOSE_SHORT,57467.24,0.016969285593076533,,,22.846814186322945,DAILY_LOSS_STOP,9742.971701117995
2024-09-03 00:00:00,OPEN_LONG,59257.99,0.01687536144914804,1000.0,BUY,,,
2024-09-03 01:00:00,CLOSE_LONG,59388.01,0.01687536144914804,,,0.1919403611227608,DAILY_LOSS_STOP,9743.163641479117
2024-09-04 00:00:00,OPEN_SHORT,57140.02,0.017500868918141788,1000.0,SELL,,,
2024-09-05 00:00:00,CLOSE_SHORT,57997.75,0.017500868918141788,,,-17.02603131745491,DAILY_LOSS_STOP,9726.137610161662
2024-09-06 00:00:00,OPEN_SHORT,56182.0,0.017799295147912144,1000.0,SELL,,,
2024-09-07 00:00:00,CLOSE_SHORT,53914.0,0.017799295147912144,,,38.40917019686026,DAILY_LOSS_STOP,9764.546780358523
2024-09-08 06:00:00,OPEN_SHORT,54292.01,0.018418916521970728,1000.0,SELL,,,
2024-09-09 00:00:00,CLOSE_SHORT,55045.0,0.018418916521970728,,,-15.883129211830465,DAILY_LOSS_STOP,9748.663651146693
2024-09-10 00:00:00,OPEN_LONG,56982.01,0.017549398485592206,1000.0,BUY,,,
2024-09-10 01:00:00,CLOSE_LONG,56900.0,0.017549398485592206,,,-3.437786943633455,DAILY_LOSS_STOP,9745.22586420306
2024-09-11 06:00:00,OPEN_SHORT,56460.0,0.017711654268508677,1000.0,SELL,,,
2024-09-12 00:00:00,CLOSE_SHORT,57626.01,0.017711654268508677,,,-22.672617959617355,DAILY_LOSS_STOP,9722.553246243442
2024-09-13 15:00:00,OPEN_LONG,59667.38,0.01675957617043014,1000.0,BUY,,,
2024-09-13 16:00:00,CLOSE_LONG,59452.31,0.01675957617043014,,,-5.600877564927259,DAILY_LOSS_STOP,9716.952368678514
2024-09-14 00:00:00,OPEN_LONG,60414.39,0.016552347876060653,1000.0,BUY,,,
2024-09-14 01:00:00,CLOSE_LONG,60406.06,0.016552347876060653,,,-2.1377431767498365,DAILY_LOSS_STOP,9714.814625501764
2024-09-15 23:00:00,OPEN_SHORT,59132.0,0.016911317053372118,1000.0,SELL,,,
2024-09-16 00:00:00,CLOSE_SHORT,58666.36,0.016911317053372118,,,5.882460258405104,DAILY_LOSS_STOP,9720.697085760168
2024-09-17 00:00:00,OPEN_SHORT,57630.01,0.0173520705618479,1000.0,SELL,,,
2024-09-17 15:00:00,CLOSE_SHORT,61135.5,0.0173520705618479,,,-62.88833734368575,SIGNAL_REVERSE,9657.808748416483
2024-09-17 16:00:00,OPEN_LONG,60873.86,0.016427412357290963,1000.0,BUY,,,
2024-09-17 17:00:00,CLOSE_LONG,60958.37,0.016427412357290963,,,-0.6131076623036051,DAILY_LOSS_STOP,9657.195640754178
2024-09-18 00:00:00,OPEN_LONG,60240.0,0.016600265604249667,1000.0,BUY,,,
2024-09-18 01:00:00,CLOSE_LONG,60114.0,0.016600265604249667,,,-4.089541832669283,DAILY_LOSS_STOP,9653.10609892151
2024-09-19 00:00:00,OPEN_LONG,62226.0,0.016070452865361746,1000.0,BUY,,,
2024-09-19 01:00:00,CLOSE_LONG,62005.99,0.016070452865361746,,,-5.532124674573197,DAILY_LOSS_STOP,9647.573974246936
2024-09-20 03:00:00,OPEN_LONG,63742.16,0.015688203851265785,1000.0,BUY,,,
2024-09-20 04:00:00,CLOSE_LONG,63843.81,0.015688203851265785,,,-0.4068887844401843,DAILY_LOSS_STOP,9647.167085462495
2024-09-21 04:00:00,OPEN_SHORT,62860.0,0.01590836780146357,1000.0,SELL,,,
2024-09-22 00:00:00,CLOSE_SHORT,63230.93,0.01590836780146357,,,-7.906791759465364,DAILY_LOSS_STOP,9639.26029370303
2024-09-23 22:00:00,OPEN_SHORT,63219.0,0.015818029389898607,1000.0,SELL,,,
2024-09-24 00:00:00,CLOSE_SHORT,62906.0,0.015818029389898607,,,2.9559942422373524,DAILY_LOSS_STOP,9642.216287945266
2024-09-25 01:00:00,OPEN_LONG,64390.01,0.015530359445510258,1000.0,BUY,,,
2024-09-25 02:00:00,CLOSE_LONG,64422.52,0.015530359445510258,,,-1.4956129064120205,DAILY_LOSS_STOP,9640.720675038854
2024-09-26 00:00:00,OPEN_SHORT,62946.01,0.01588663046315406,1000.0,SELL,,,
2024-09-26 15:00:00,CLOSE_SHORT,65229.03,0.01588663046315406,,,-38.30576457506993,SIGNAL_REVERSE,9602.414910463784
2024-09-26 16:00:00,OPEN_LONG,65338.0,0.015305029232605835,1000.0,BUY,,,
2024-09-26 17:00:00,CLOSE_LONG,65132.54,0.015305029232605835,,,-5.14142673482479,DAILY_LOSS_STOP,9597.273483728959
2024-09-27 00:00:00,OPEN_LONG,65241.98,0.015327554436575958,1000.0,BUY,,,
2024-09-27 01:00:00,CLOSE_LONG,65119.9,0.015327554436575958,,,-3.869316657771492,DAILY_LOSS_STOP,9593.404167071187
2024-09-28 04:00:00,OPEN_LONG,66006.5,0.015150023103785232,1000.0,BUY,,,
2024-09-28 05:00:00,CLOSE_LONG,65953.8,0.015150023103785232,,,-2.7976078113517815,DAILY_LOSS_STOP,9590.606559259835
2024-09-29 07:00:00,OPEN_SHORT,65477.01,0.015272536116111594,1000.0,SELL,,,
2024-09-30 00:00:00,CLOSE_SHORT,65463.85,0.015272536116111594,,,-1.798812438136565,DAILY_LOSS_STOP,9588.807746821698
2024-10-01 00:00:00,OPEN_SHORT,63531.99,0.015740101954936404,1000.0,SELL,,,
2024-10-02 00:00:00,CLOSE_SHORT,61046.26,0.015740101954936404,,,37.16476927607653,DAILY_LOSS_STOP,9625.972516097774
2024-10-03 00:00:00,OPEN_SHORT,60988.01,0.016396665508515526,1000.0,SELL,,,
2024-10-04 00:00:00,CLOSE_SHORT,60504.01,0.016396665508515526,,,5.9439220922276945,DAILY_LOSS_STOP,9631.916438190001
2024-10-05 00:00:00,OPEN_LONG,62170.0,0.01608492842206852,1000.0,BUY,,,
2024-10-05 01:00:00,CLOSE_LONG,62069.99,0.01608492842206852,,,-3.6070450377994803,DAILY_LOSS_STOP,9628.309393152202
2024-10-06 08:00:00,OPEN_SHORT,61989.81,0.016131683578317145,1000.0,SELL,,,
2024-10-07 00:00:00,CLOSE_SHORT,63677.98,0.016131683578317145,,,-29.260257290674076,DAILY_LOSS_STOP,9599.049135861527
2024-10-08 00:00:00,OPEN_SHORT,62552.98,0.01598644860724461,1000.0,SELL,,,
2024-10-09 00:00:00,CLOSE_SHORT,62154.0,0.01598644860724461,,,4.384651538583853,DAILY_LOSS_STOP,9603.43378740011
2024-10-10 00:00:00,OPEN_SHORT,60437.61,0.016545988499545233,1000.0,SELL,,,
2024-10-11 00:00:00,CLOSE_SHORT,60194.01,0.016545988499545233,,,2.034633401287806,DAILY_LOSS_STOP,9605.468420801399
2024-10-12 00:00:00,OPEN_LONG,62840.0,0.015913430935709738,1000.0,BUY,,,
2024-10-12 01:00:00,CLOSE_LONG,62733.67,0.015913430935709738,,,-3.690383036282469,DAILY_LOSS_STOP,9601.778037765116
2024-10-13 02:00:00,OPEN_LONG,62867.2,0.015906545861753028,1000.0,BUY,,,
2024-10-13 03:00:00,CLOSE_LONG,62712.31,0.015906545861753028,,,-4.46130112363835,DAILY_LOSS_STOP,9597.316736641478
2024-10-14 00:00:00,OPEN_SHORT,62520.18,0.015994835587485514,1000.0,SELL,,,
2024-10-14 07:00:00,CLOSE_SHORT,64620.87,0.015994835587485514,,,-35.633791361445105,SIGNAL_REVERSE,9561.682945280034
2024-10-14 08:00:00,OPEN_LONG,64427.99,0.015521204370957406,1000.0,BUY,,,
2024-10-14 09:00:00,CLOSE_LONG,64822.23,0.015521204370957406,,,4.112960531595263,DAILY_LOSS_STOP,9565.795905811628
2024-10-15 00:00:00,OPEN_LONG,65929.99,0.015167604302685317,1000.0,BUY,,,
2024-10-15 01:00:00,CLOSE_LONG,65866.48,0.015167604302685317,,,-2.962331254714286,DAILY_LOSS_STOP,9562.833574556915
2024-10-16 00:00:00,OPEN_LONG,66874.04,0.014953485687420711,1000.0,BUY,,,
2024-10-16 01:00:00,CLOSE_LONG,67375.99,0.014953485687420711,,,5.498396238660348,DAILY_LOSS_STOP,9568.331970795574
2024-10-17 02:00:00,OPEN_LONG,67472.01,0.014820960573132475,1000.0,BUY,,,
2024-10-17 03:00:00,CLOSE_LONG,67601.4,0.014820960573132475,,,-0.08423359553080445,DAILY_LOSS_STOP,9568.247737200043
2024-10-18 00:00:00,OPEN_SHORT,67214.42,0.014877759861648736,1000.0,SELL,,,
2024-10-18 16:00:00,CLOSE_SHORT,68787.88,0.014877759861648736,,,-25.432969591941628,SIGNAL_REVERSE,9542.8147676081
2024-10-18 17:00:00,OPEN_LONG,68710.14,0.014553892627783905,1000.0,BUY,,,
2024-10-18 18:00:00,CLOSE_LONG,68892.42,0.014553892627783905,,,0.6502306646443685,DAILY_LOSS_STOP,9543.464998272744
2024-10-19 05:00:00,OPEN_LONG,68390.01,0.014622018625234885,1000.0,BUY,,,
2024-10-19 06:00:00,CLOSE_LONG,68335.83,0.014622018625234885,,,-2.791428748146018,DAILY_LOSS_STOP,9540.673569524599
2024-10-21 11:00:00,OPEN_SHORT,68238.01,0.014654589135878963,1000.0,SELL,,,
2024-10-22 00:00:00,CLOSE_SHORT,67149.73,0.014654589135878963,,,13.964244561059331,DAILY_LOSS_STOP,9554.637814085658
2024-10-23 01:00:00,OPEN_SHORT,67348.46,0.014848149460284614,1000.0,SELL,,,
2024-10-24 00:00:00,CLOSE_SHORT,67432.01,0.014848149460284614,,,-3.2418034502940145,DAILY_LOSS_STOP,9551.396010635364
2024-10-25 16:00:00,OPEN_LONG,67670.0,0.014777597162701345,1000.0,BUY,,,
2024-10-25 17:00:00,CLOSE_LONG,66836.01,0.014777597162701345,,,-14.312043889463439,DAILY_LOSS_STOP,9537.0839667459
2024-10-26 03:00:00,OPEN_SHORT,66914.0,0.014944555698359088,1000.0,SELL,,,
2024-10-27 00:00:00,CLOSE_SHORT,67014.85,0.014944555698359088,,,-3.5086656006217254,DAILY_LOSS_STOP,9533.575301145278
2024-10-28 09:00:00,OPEN_LONG,68574.0,0.014582786478840377,1000.0,BUY,,,
2024-10-28 10:00:00,CLOSE_LONG,68625.87,0.014582786478840377,,,-1.244347274477036,DAILY_LOSS_STOP,9532.330953870802
2024-10-29 12:00:00,OPEN_LONG,71108.01,0.014063113283580852,1000.0,BUY,,,
2024-10-29 13:00:00,CLOSE_LONG,71804.0,0.014063113283580852,,,7.777998428025398,DAILY_LOSS_STOP,9540.108952298828
2024-10-30 00:00:00,OPEN_LONG,72289.99,0.013833173859894018,1000.0,BUY,,,
2024-10-30 01:00:00,CLOSE_LONG,72415.36,0.013833173859894018,,,-0.26746925819179523,DAILY_LOSS_STOP,9539.841483040636
2024-10-31 10:00:00,OPEN_LONG,72639.27,0.013766658172638573,1000.0,BUY,,,
2024-10-31 11:00:00,CLOSE_LONG,72226.0,0.013766658172638573,,,-7.683657476183271,DAILY_LOSS_STOP,9532.157825564453
2024-11-01 00:00:00,OPEN_SHORT,70173.73,0.014250346960322617,1000.0,SELL,,,
2024-11-02 00:00:00,CLOSE_SHORT,69665.99,0.014250346960322617,,,5.242706636799767,DAILY_LOSS_STOP,9537.400532201253
2024-11-03 00:00:00,OPEN_SHORT,69159.76,0.014459275162319825,1000.0,SELL,,,
2024-11-04 00:00:00,CLOSE_SHORT,68712.0,0.014459275162319825,,,4.480759331726972,DAILY_LOSS_STOP,9541.88129153298
2024-11-05 00:00:00,OPEN_SHORT,68030.0,0.014699397324709687,1000.0,SELL,,,
2024-11-05 16:00:00,CLOSE_SHORT,70191.98,0.014699397324709687,,,-33.811582831103806,SIGNAL_REVERSE,9508.069708701876
2024-11-05 17:00:00,OPEN_LONG,69949.66,0.014295995148511086,1000.0,BUY,,,
2024-11-05 18:00:00,CLOSE_LONG,70229.99,0.014295995148511086,,,2.0035887236623466,DAILY_LOSS_STOP,9510.073297425539
2024-11-06 00:00:00,OPEN_LONG,71096.04,0.01406548100288005,1000.0,BUY,,,
2024-11-06 01:00:00,CLOSE_LONG,71128.81,0.01406548100288005,,,-1.539535113347938,DAILY_LOSS_STOP,9508.53376231219
2024-11-07 00:00:00,OPEN_LONG,75349.08,0.013271562174349043,1000.0,BUY,,,
2024-11-07 01:00:00,CLOSE_LONG,75386.0,0.013271562174349043,,,-1.510503910598345,DAILY_LOSS_STOP,9507.023258401592
2024-11-08 08:00:00,OPEN_LONG,75802.0,0.013192264056357351,1000.0,BUY,,,
2024-11-08 09:00:00,CLOSE_LONG,75947.69,0.013192264056357351,,,-0.07994103057956181,DAILY_LOSS_STOP,9506.943317371013
2024-11-09 08:00:00,OPEN_LONG,76539.99,0.013065065725772892,1000.0,BUY,,,
2024-11-09 09:00:00,CLOSE_LONG,76554.0,0.013065065725772892,,,-1.8171414707527447,DAILY_LOSS_STOP,9505.126175900261
2024-11-10 04:00:00,OPEN_LONG,79122.02,0.012638706645760561,1000.0,BUY,,,
2024-11-10 05:00:00,CLOSE_LONG,79064.16,0.012638706645760561,,,-2.730544290957141,DAILY_LOSS_STOP,9502.395631609304
2024-11-11 00:00:00,OPEN_LONG,80579.99,0.012410028842148032,1000.0,BUY,,,
2024-11-11 01:00:00,CLOSE_LONG,81214.0,0.012410028842148032,,,5.8602143038241366,DAILY_LOSS_STOP,9508.255845913129
2024-11-12 00:00:00,OPEN_LONG,88978.57,0.011238661174258025,1000.0,BUY,,,
2024-11-12 01:00:00,CLOSE_LONG,88542.51,0.011238661174258025,,,-6.895829861055404,DAILY_LOSS_STOP,9501.360016052073
2024-11-13 13:00:00,OPEN_LONG,89152.01,0.01121679701893429,1000.0,BUY,,,
2024-11-13 14:00:00,CLOSE_LONG,91508.0,0.01121679701893429,,,24.400234947030526,DAILY_LOSS_STOP,9525.760250999103
2024-11-14 00:00:00,OPEN_LONG,90104.93,0.011098171875834098,1000.0,BUY,,,
2024-11-14 01:00:00,CLOSE_LONG,90372.01,0.011098171875834098,,,0.961135644853357,DAILY_LOSS_STOP,9526.721386643956
2024-11-15 00:00:00,OPEN_SHORT,87870.27,0.011380413420830503,1000.0,SELL,,,
2024-11-15 23:00:00,CLOSE_SHORT,91032.07,0.011380413420830503,,,-38.01857374513588,SIGNAL_REVERSE,9488.70281289882
2024-11-16 00:00:00,OPEN_LONG,91000.0,0.01098901098901099,1000.0,BUY,,,
2024-11-16 01:00:00,CLOSE_LONG,91249.29,0.01098901098901099,,,0.7367110989010826,DAILY_LOSS_STOP,9489.439523997722
2024-11-17 02:00:00,OPEN_SHORT,90024.01,0.011108147704151371,1000.0,SELL,,,
2024-11-18 00:00:00,CLOSE_SHORT,89940.0,0.011108147704151371,,,-1.0658713158856017,DAILY_LOSS_STOP,9488.373652681836
2024-11-19 12:00:00,OPEN_LONG,92467.99,0.010814553230799112,1000.0,BUY,,,
2024-11-19 13:00:00,CLOSE_LONG,91142.28,0.010814553230799112,,,-16.322624402239057,DAILY_LOSS_STOP,9472.051028279597
2024-11-20 13:00:00,OPEN_LONG,94382.88,0.010595141830806603,1000.0,BUY,,,
2024-11-20 14:00:00,CLOSE_LONG,94627.41,0.010595141830806603,,,0.5882392018553446,DAILY_LOSS_STOP,9472.639267481452
2024-11-21 00:00:00,OPEN_LONG,94709.61,0.010558590622429974,1000.0,BUY,,,
2024-11-21 01:00:00,CLOSE_LONG,94702.49,0.010558590622429974,,,-2.0751019880661943,DAILY_LOSS_STOP,9470.564165493386
2024-11-22 00:00:00,OPEN_LONG,97987.57,0.010205376049227468,1000.0,BUY,,,
2024-11-22 01:00:00,CLOSE_LONG,98081.6,0.010205376049227468,,,-1.0413481016008745,DAILY_LOSS_STOP,9469.522817391786
2024-11-23 21:00:00,OPEN_SHORT,97962.8,0.010207956489606259,1000.0,SELL,,,
2024-11-24 00:00:00,CLOSE_SHORT,97919.5,0.010207956489606259,,,-1.557553479483886,DAILY_LOSS_STOP,9467.965263912301
2024-11-25 00:00:00,OPEN_SHORT,97714.28,0.01023391872712975,1000.0,SELL,,,
2024-11-26 00:00:00,CLOSE_SHORT,93836.5,0.01023391872712975,,,37.72457024705102,DAILY_LOSS_STOP,9505.689834159353
2024-11-27 00:00:00,OPEN_SHORT,91939.33,0.01087673795316977,1000.0,SELL,,,
2024-11-27 19:00:00,CLOSE_SHORT,96627.99,0.01087673795316977,,,-53.048323497680485,SIGNAL_REVERSE,9452.641510661673
2024-11-27 20:00:00,OPEN_LONG,96482.75,0.01036454703042772,1000.0,BUY,,,
2024-11-27 21:00:00,CLOSE_LONG,96267.86,0.01036454703042772,,,-4.225010273857038,DAILY_LOSS_STOP,9448.416500387815
2024-11-28 00:00:00,OPEN_LONG,96552.01,0.01035711219269283,1000.0,BUY,,,
2024-11-28 01:00:00,CLOSE_LONG,96273.95,0.01035711219269283,,,-4.877018717683768,DAILY_LOSS_STOP,9443.539481670132
2024-11-29 14:00:00,OPEN_LONG,98002.01,0.010203872349148758,1000.0,BUY,,,
2024-11-29 15:00:00,CLOSE_LONG,98019.47,0.010203872349148758,,,-1.822018548394908,DAILY_LOSS_STOP,9441.717463121737
2024-11-30 01:00:00,OPEN_LONG,96425.22,0.01037073081088122,1000.0,BUY,,,
2024-11-30 02:00:00,CLOSE_LONG,96609.21,0.01037073081088122,,,-0.09379734886761071,DAILY_LOSS_STOP,9441.62366577287
2024-12-01 00:00:00,OPEN_SHORT,96340.6,0.010379839859830643,1000.0,SELL,,,
2024-12-02 00:00:00,CLOSE_SHORT,97436.75,0.010379839859830643,,,-13.38923932381556,DAILY_LOSS_STOP,9428.234426449053
2024-12-03 00:00:00,OPEN_SHORT,95804.03,0.01043797426893211,1000.0,SELL,,,
2024-12-04 00:00:00,CLOSE_SHORT,95746.42,0.01043797426893211,,,-1.398066970669106,DAILY_LOSS_STOP,9426.836359478384
2024-12-05 00:00:00,OPEN_LONG,98296.01,0.010173352916359475,1000.0,BUY,,,
2024-12-05 01:00:00,CLOSE_LONG,98179.14,0.010173352916359475,,,-3.187770795579354,DAILY_LOSS_STOP,9423.648588682805
2024-12-06 02:00:00,OPEN_SHORT,97589.74,0.010246978831996068,1000.0,SELL,,,
2024-12-06 23:00:00,CLOSE_SHORT,99740.84,0.010246978831996068,,,-24.06431844167207,SIGNAL_REVERSE,9399.584270241134
2024-12-07 00:00:00,OPEN_LONG,100272.01,0.009972872788727383,1000.0,BUY,,,
2024-12-07 01:00:00,CLOSE_LONG,100044.31,0.009972872788727383,,,-4.268552310859036,DAILY_LOSS_STOP,9395.315717930274
2024-12-09 03:00:00,OPEN_SHORT,99090.84,0.010091750155715706,1000.0,SELL,,,
2024-12-10 00:00:00,CLOSE_SHORT,97867.91,0.010091750155715706,,,10.353845521947505,DAILY_LOSS_STOP,9405.669563452222
2024-12-11 00:00:00,OPEN_SHORT,96412.61,0.010372087219711197,1000.0,SELL,,,
2024-12-11 15:00:00,CLOSE_SHORT,100361.64,0.010372087219711197,,,-43.00064327684936,SIGNAL_REVERSE,9362.668920175372
2024-12-11 16:00:00,OPEN_LONG,100575.99,0.009942730864493602,1000.0,BUY,,,
2024-12-11 17:00:00,CLOSE_LONG,99781.9,0.009942730864493602,,,-9.887527729033536,DAILY_LOSS_STOP,9352.781392446339
2024-12-12 00:00:00,OPEN_LONG,100772.46,0.009923346120557144,1000.0,BUY,,,
2024-12-12 01:00:00,CLOSE_LONG,100496.3,0.009923346120557144,,,-4.737690833388342,DAILY_LOSS_STOP,9348.04370161295
2024-12-13 01:00:00,OPEN_SHORT,99323.94,0.010068066168136302,1000.0,SELL,,,
2024-12-14 00:00:00,CLOSE_SHORT,101301.07,0.010068066168136302,,,-21.925781538670208,DAILY_LOSS_STOP,9326.11792007428
2024-12-15 17:00:00,OPEN_LONG,103164.0,0.009693303865689581,1000.0,BUY,,,
2024-12-15 18:00:00,CLOSE_LONG,103204.0,0.009693303865689581,,,-1.6126555775269935,DAILY_LOSS_STOP,9324.505264496755
2024-12-16 02:00:00,OPEN_LONG,104585.32,0.009561571356285948,1000.0,BUY,,,
2024-12-16 03:00:00,CLOSE_LONG,104582.28,0.009561571356285948,,,-2.0290381097462387,DAILY_LOSS_STOP,9322.476226387009
2024-12-17 03:00:00,OPEN_LONG,106866.49,0.009357470241607074,1000.0,BUY,,,
2024-12-17 04:00:00,CLOSE_LONG,106500.77,0.009357470241607074,,,-5.418791802743726,DAILY_LOSS_STOP,9317.057434584265
2024-12-18 01:00:00,OPEN_SHORT,105332.84,0.0094937153503124,1000.0,SELL,,,
2024-12-19 00:00:00,CLOSE_SHORT,100831.16,0.0094937153503124,,,40.780406186712526,DAILY_LOSS_STOP,9357.837840770977
2024-12-20 00:00:00,OPEN_SHORT,97248.22,0.010282964562230547,1000.0,SELL,,,
2024-12-21 00:00:00,CLOSE_SHORT,97525.77,0.010282964562230547,,,-4.856890851061166,DAILY_LOSS_STOP,9352.980949919916
2024-12-22 00:00:00,OPEN_SHORT,97253.01,0.010282458095641461,1000.0,SELL,,,
2024-12-23 00:00:00,CLOSE_SHORT,94390.84,0.010282458095641461,,,27.45957323068967,DAILY_LOSS_STOP,9380.440523150606
2024-12-24 01:00:00,OPEN_SHORT,94123.43,0.010624347200266714,1000.0,SELL,,,
2024-12-24 15:00:00,CLOSE_SHORT,98300.0,0.010624347200266714,,,-46.41770311600408,SIGNAL_REVERSE,9334.022820034603
2024-12-24 17:00:00,OPEN_LONG,98797.47,0.010121716679587037,1000.0,BUY,,,
2024-12-24 18:00:00,CLOSE_LONG,98618.66,0.010121716679587037,,,-3.8080542953173335,DAILY_LOSS_STOP,9330.214765739285
2024-12-25 00:00:00,OPEN_LONG,98418.42,0.010160699592616911,1000.0,BUY,,,
2024-12-25 01:00:00,CLOSE_LONG,97983.18,0.010160699592616911,,,-6.417920547799781,DAILY_LOSS_STOP,9323.796845191486
2024-12-26 08:00:00,OPEN_SHORT,95878.56,0.010429860440123423,1000.0,SELL,,,
2024-12-27 00:00:00,CLOSE_SHORT,95794.56,0.010429860440123423,,,-1.1230156147524895,DAILY_LOSS_STOP,9322.673829576734
2024-12-28 00:00:00,OPEN_SHORT,94398.75,0.010593360611236908,1000.0,SELL,,,
2024-12-29 00:00:00,CLOSE_SHORT,95148.49,0.010593360611236908,,,-9.950208450853324,DAILY_LOSS_STOP,9312.72362112588
2024-12-30 00:00:00,OPEN_SHORT,93583.96,0.010685591847149874,1000.0,SELL,,,
2024-12-31 00:00:00,CLOSE_SHORT,92450.0,0.010685591847149874,,,10.129150764725296,DAILY_LOSS_STOP,9322.852771890606
2025-01-01 00:00:00,OPEN_LONG,94401.14,0.010593092413926357,1000.0,BUY,,,
2025-01-01 01:00:00,CLOSE_LONG,93607.74,0.010593092413926357,,,-10.396154961687898,DAILY_LOSS_STOP,9312.456616928917
2025-01-02 04:00:00,OPEN_LONG,95708.07,0.010448439718824127,1000.0,BUY,,,
2025-01-02 05:00:00,CLOSE_LONG,95596.48,0.010448439718824127,,,-3.1647754468353924,DAILY_LOSS_STOP,9309.291841482082
2025-01-03 01:00:00,OPEN_LONG,96985.47,0.010310822847999808,1000.0,BUY,,,
2025-01-03 02:00:00,CLOSE_LONG,96966.85,0.010310822847999808,,,-2.1917955339081345,DAILY_LOSS_STOP,9307.100045948173
2025-01-04 07:00:00,OPEN_LONG,98271.88,0.010175850914829348,1000.0,BUY,,,
2025-01-04 08:00:00,CLOSE_LONG,97906.07,0.010175850914829348,,,-5.718705595130359,DAILY_LOSS_STOP,9301.381340353042
2025-01-05 14:00:00,OPEN_SHORT,97855.06,0.010219195614411763,1000.0,SELL,,,
2025-01-06 00:00:00,CLOSE_SHORT,98217.23,0.010219195614411763,,,-5.704787161747163,DAILY_LOSS_STOP,9295.676553191295
2025-01-07 00:00:00,OPEN_LONG,102042.46,0.00979984214414274,1000.0,BUY,,,
2025-01-07 01:00:00,CLOSE_LONG,101915.66,0.00979984214414274,,,-3.2413773638933208,DAILY_LOSS_STOP,9292.435175827402
2025-01-08 00:00:00,OPEN_SHORT,97268.49,0.010280821672054331,1000.0,SELL,,,
2025-01-09 00:00:00,CLOSE_SHORT,95135.3,0.010280821672054331,,,19.95287692859233,DAILY_LOSS_STOP,9312.388052755994
2025-01-10 00:00:00,OPEN_SHORT,92775.84,0.010778668239489936,1000.0,SELL,,,
2025-01-10 19:00:00,CLOSE_SHORT,95327.06,0.010778668239489936,,,-29.526252739937263,SIGNAL_REVERSE,9282.861800016057
2025-01-10 20:00:00,OPEN_LONG,94672.05,0.010562779616581662,1000.0,BUY,,,
2025-01-10 21:00:00,CLOSE_LONG,94613.26,0.010562779616581662,,,-2.6203648278452647,DAILY_LOSS_STOP,9280.24143518821
2025-01-12 09:00:00,OPEN_SHORT,93906.22,0.010648921871202994,1000.0,SELL,,,
2025-01-13 00:00:00,CLOSE_SHORT,95325.43,0.010648921871202994,,,-17.12816946523867,DAILY_LOSS_STOP,9263.113265722972
2025-01-14 10:00:00,OPEN_LONG,96697.08,0.01034157391309024,1000.0,BUY,,,
2025-01-14 11:00:00,CLOSE_LONG,96548.04,0.01034157391309024,,,-3.539766867830963,DAILY_LOSS_STOP,9259.573498855141
2025-01-15 00:00:00,OPEN_LONG,96889.36,0.010321050732505612,1000.0,BUY,,,
2025-01-15 01:00:00,CLOSE_LONG,97349.62,0.010321050732505612,,,2.7456164433328922,DAILY_LOSS_STOP,9262.319115298475
2025-01-16 00:00:00,OPEN_LONG,99869.26,0.010013091115324176,1000.0,BUY,,,
2025-01-16 01:00:00,CLOSE_LONG,100082.35,0.010013091115324176,,,0.13155589617895203,DAILY_LOSS_STOP,9262.450671194654
2025-01-17 08:00:00,OPEN_LONG,102136.01,0.009790866120577845,1000.0,BUY,,,
2025-01-17 09:00:00,CLOSE_LONG,101861.26,0.009790866120577845,,,-4.68735042616197,DAILY_LOSS_STOP,9257.763320768492
2025-01-18 00:00:00,OPEN_LONG,104656.87,0.009555034466442576,1000.0,BUY,,,
2025-01-18 01:00:00,CLOSE_LONG,104268.14,0.009555034466442576,,,-5.710614219592003,DAILY_LOSS_STOP,9252.0527065489
2025-01-19 05:00:00,OPEN_LONG,105116.52,0.00951325253157163,1000.0,BUY,,,
2025-01-19 06:00:00,CLOSE_LONG,105568.29,0.00951325253157163,,,2.2935042940919175,DAILY_LOSS_STOP,9254.346210842992
2025-01-20 00:00:00,OPEN_SHORT,99794.51,0.010020591313089267,1000.0,SELL,,,
2025-01-20 08:00:00,CLOSE_SHORT,108320.01,0.010020591313089267,,,-87.51598179098221,SIGNAL_REVERSE,9166.83022905201
2025-01-20 09:00:00,OPEN_LONG,108132.05,0.009247951925446711,1000.0,BUY,,,
2025-01-20 10:00:00,CLOSE_LONG,107964.56,0.009247951925446711,,,-3.5473905285250567,DAILY_LOSS_STOP,9163.282838523484
2025-01-21 05:00:00,OPEN_SHORT,101365.98,0.009865242756988095,1000.0,SELL,,,
2025-01-22 00:00:00,CLOSE_SHORT,105948.0,0.009865242756988095,,,-47.24794235699176,DAILY_LOSS_STOP,9116.034896166493
2025-01-23 00:00:00,OPEN_SHORT,103307.51,0.009679838377674575,1000.0,SELL,,,
2025-01-24 00:00:00,CLOSE_SHORT,103446.62,0.009679838377674575,,,-3.3479088790348897,DAILY_LOSS_STOP,9112.686987287458
2025-01-25 06:00:00,OPEN_SHORT,104308.0,0.009586992368754075,1000.0,SELL,,,
2025-01-26 00:00:00,CLOSE_SHORT,104599.96,0.009586992368754075,,,-4.80181731027335,DAILY_LOSS_STOP,9107.885169977184
2025-01-27 00:00:00,OPEN_SHORT,101728.0,0.009830135262661214,1000.0,SELL,,,
2025-01-28 00:00:00,CLOSE_SHORT,101856.01,0.009830135262661214,,,-3.2596139705880205,DAILY_LOSS_STOP,9104.625556006597
2025-01-29 00:00:00,OPEN_SHORT,101702.59,0.009832591284056778,1000.0,SELL,,,
2025-01-29 20:00:00,CLOSE_SHORT,104193.93,0.009832591284056778,,,-26.52082429759139,SIGNAL_REVERSE,9078.104731709005
2025-01-29 21:00:00,OPEN_LONG,103741.11,0.009639380183998417,1000.0,BUY,,,
2025-01-29 22:00:00,CLOSE_LONG,103492.06,0.009639380183998417,,,-4.398286947189945,DAILY_LOSS_STOP,9073.706444761816
2025-01-30 00:00:00,OPEN_LONG,104026.04,0.009612977673667094,1000.0,BUY,,,
2025-01-30 01:00:00,CLOSE_LONG,104264.15,0.009612977673667094,,,0.2866571677632237,DAILY_LOSS_STOP,9073.993101929578
2025-01-31 10:00:00,OPEN_SHORT,104284.1,0.009589189531290005,1000.0,SELL,,,
2025-02-01 00:00:00,CLOSE_SHORT,102494.94,0.009589189531290005,,,15.173750936144756,DAILY_LOSS_STOP,9089.166852865723
2025-02-02 00:00:00,OPEN_SHORT,101243.86,0.009877142179288699,1000.0,SELL,,,
2025-02-03 00:00:00,CLOSE_SHORT,96511.33,0.009877142179288699,,,44.790615549427,DAILY_LOSS_STOP,9133.95746841515
2025-02-04 00:00:00,OPEN_LONG,101058.01,0.00989530666594365,1000.0,BUY,,,
2025-02-04 01:00:00,CLOSE_LONG,101382.68,0.00989530666594365,,,1.209496506016876,DAILY_LOSS_STOP,9135.166964921167
2025-02-05 00:00:00,OPEN_SHORT,98274.01,0.010175630362493604,1000.0,SELL,,,
2025-02-06 00:00:00,CLOSE_SHORT,96826.96,0.010175630362493604,,,12.73937056196246,DAILY_LOSS_STOP,9147.90633548313
2025-02-07 00:00:00,OPEN_SHORT,96507.75,0.010361862130243427,1000.0,SELL,,,
2025-02-08 00:00:00,CLOSE_SHORT,96650.14,0.010361862130243427,,,-3.476900974274031,DAILY_LOSS_STOP,9144.429434508857
2025-02-09 00:00:00,OPEN_SHORT,96568.0,0.010355397233037859,1000.0,SELL,,,
2025-02-10 00:00:00,CLOSE_SHORT,96717.98,0.010355397233037859,,,-3.554655579487985,DAILY_LOSS_STOP,9140.874778929368
2025-02-11 01:00:00,OPEN_LONG,97994.23,0.01020468245936521,1000.0,BUY,,,
2025-02-11 02:00:00,CLOSE_LONG,97764.0,0.01020468245936521,,,-4.347074618576926,DAILY_LOSS_STOP,9136.52770431079
2025-02-12 00:00:00,OPEN_SHORT,96060.0,0.010410160316468874,1000.0,SELL,,,
2025-02-12 19:00:00,CLOSE_SHORT,97205.06,0.010410160316468874,,,-13.932178430147587,SIGNAL_REVERSE,9122.595525880643
2025-02-12 22:00:00,OPEN_LONG,97806.57,0.010224262030659084,1000.0,BUY,,,
2025-02-12 23:00:00,CLOSE_LONG,97869.99,0.010224262030659084,,,-1.3522257247134348,DAILY_LOSS_STOP,9121.24330015593
2025-02-13 06:00:00,OPEN_LONG,96056.72,0.01041051578692256,1000.0,BUY,,,
2025-02-13 07:00:00,CLOSE_LONG,96070.23,0.01041051578692256,,,-1.859494577787018,DAILY_LOSS_STOP,9119.383805578142
2025-02-14 00:00:00,OPEN_SHORT,96750.83,0.010335828643537218,1000.0,SELL,,,
2025-02-14 16:00:00,CLOSE_SHORT,97658.7,0.010335828643537218,,,-11.392972339358721,SIGNAL_REVERSE,9107.990833238782
2025-02-14 17:00:00,OPEN_LONG,98526.0,0.010149605180358484,1000.0,BUY,,,
2025-02-14 18:00:00,CLOSE_LONG,98192.84,0.010149605180358484,,,-5.378061019426241,DAILY_LOSS_STOP,9102.612772219356
2025-02-15 07:00:00,OPEN_LONG,97346.26,0.010272608315922974,1000.0,BUY,,,
2025-02-15 08:00:00,CLOSE_LONG,97505.51,0.010272608315922974,,,-0.3657230385636012,DAILY_LOSS_STOP,9102.247049180793
2025-02-16 09:00:00,OPEN_SHORT,97365.74,0.010270553071337002,1000.0,SELL,,,
2025-02-17 00:00:00,CLOSE_SHORT,96319.22,0.010270553071337002,,,8.759087539415987,DAILY_LOSS_STOP,9111.006136720209
2025-02-18 00:00:00,OPEN_SHORT,95637.93,0.010456102510792528,1000.0,SELL,,,
2025-02-19 00:00:00,CLOSE_SHORT,95330.15,0.010456102510792528,,,1.2213974100026235,DAILY_LOSS_STOP,9112.227534130212
2025-02-20 04:00:00,OPEN_LONG,97224.46,0.010285477543408314,1000.0,BUY,,,
2025-02-20 05:00:00,CLOSE_LONG,96909.99,0.010285477543408314,,,-5.23123964895251,DAILY_LOSS_STOP,9106.99629448126
2025-02-21 18:00:00,OPEN_SHORT,96543.52,0.01035802299315376,1000.0,SELL,,,
2025-02-22 00:00:00,CLOSE_SHORT,96185.9,0.01035802299315376,,,1.7079404189946672,DAILY_LOSS_STOP,9108.704234900255
2025-02-23 05:00:00,OPEN_SHORT,96208.62,0.01039407903366663,1000.0,SELL,,,
2025-02-24 00:00:00,CLOSE_SHORT,96247.35,0.01039407903366663,,,-2.402965243654876,DAILY_LOSS_STOP,9106.3012696566
2025-02-25 00:00:00,OPEN_SHORT,91857.29,0.010886452234765472,1000.0,SELL,,,
2025-02-26 00:00:00,CLOSE_SHORT,88150.0,0.010886452234765472,,,38.39959474092916,DAILY_LOSS_STOP,9144.70086439753
2025-02-27 00:00:00,OPEN_SHORT,84742.39,0.011800469635090537,1000.0,SELL,,,
2025-02-28 00:00:00,CLOSE_SHORT,84258.65,0.011800469635090537,,,3.714067540460178,DAILY_LOSS_STOP,9148.41493193799
2025-03-01 02:00:00,OPEN_LONG,85240.46,0.011731518107715513,1000.0,BUY,,,
2025-03-01 03:00:00,CLOSE_LONG,85330.84,0.011731518107715513,,,-0.9407656880312061,DAILY_LOSS_STOP,9147.474166249958
2025-03-02 00:00:00,OPEN_LONG,86026.62,0.011624308847656691,1000.0,BUY,,,
2025-03-02 01:00:00,CLOSE_LONG,86354.93,0.011624308847656691,,,1.8125604609364245,DAILY_LOSS_STOP,9149.286726710894
2025-03-03 00:00:00,OPEN_LONG,93314.89,0.010716403352133834,1000.0,BUY,,,
2025-03-03 01:00:00,CLOSE_LONG,93084.64,0.010716403352133834,,,-4.464984419956863,DAILY_LOSS_STOP,9144.821742290937
2025-03-04 00:00:00,OPEN_SHORT,86046.43,0.011621632646467728,1000.0,SELL,,,
2025-03-05 00:00:00,CLOSE_SHORT,86800.36,0.011621632646467728,,,-10.770659398652583,DAILY_LOSS_STOP,9134.051082892283
2025-03-06 00:00:00,OPEN_LONG,90046.34,0.011105393067613854,1000.0,BUY,,,
2025-03-06 01:00:00,CLOSE_LONG,91057.19,0.011105393067613854,,,9.214660695815155,DAILY_LOSS_STOP,9143.2657435881
2025-03-07 00:00:00,OPEN_SHORT,85529.22,0.011691910670996414,1000.0,SELL,,,
2025-03-08 00:00:00,CLOSE_SHORT,86726.8,0.011691910670996414,,,-16.01600037975311,DAILY_LOSS_STOP,9127.249743208346
2025-03-09 00:00:00,OPEN_SHORT,86416.12,0.011571915054737474,1000.0,SELL,,,
2025-03-10 00:00:00,CLOSE_SHORT,81292.0,0.011571915054737474,,,57.35517725165175,DAILY_LOSS_STOP,9184.604920459997
2025-03-11 00:00:00,OPEN_SHORT,77673.6,0.01287438717917027,1000.0,SELL,,,
2025-03-11 17:00:00,CLOSE_SHORT,81305.57,0.01287438717917027,,,-48.80614739113412,SIGNAL_REVERSE,9135.798773068862
2025-03-11 18:00:00,OPEN_LONG,83280.94,0.012007549386450248,1000.0,BUY,,,
2025-03-11 19:00:00,CLOSE_LONG,83104.01,0.012007549386450248,,,-4.122371217231716,DAILY_LOSS_STOP,9131.67640185163
2025-03-12 00:00:00,OPEN_LONG,82765.52,0.01208232607008329,1000.0,BUY,,,
2025-03-12 01:00:00,CLOSE_LONG,83313.6,0.01208232607008329,,,4.615459191218974,DAILY_LOSS_STOP,9136.291861042848
2025-03-13 06:00:00,OPEN_LONG,83292.6,0.012005868468507406,1000.0,BUY,,,
2025-03-13 07:00:00,CLOSE_LONG,83151.99,0.012005868468507406,,,-3.6864570201913693,DAILY_LOSS_STOP,9132.605404022655
2025-03-14 00:00:00,OPEN_SHORT,81503.31,0.012269440345428916,1000.0,SELL,,,
2025-03-14 16:00:00,CLOSE_SHORT,84787.37,0.012269440345428916,,,-42.33387183906984,SIGNAL_REVERSE,9090.271532183586
2025-03-14 17:00:00,OPEN_LONG,84365.18,0.011853231392382499,1000.0,BUY,,,
2025-03-14 18:00:00,CLOSE_LONG,84570.54,0.011853231392382499,,,0.4317454191410661,DAILY_LOSS_STOP,9090.703277602726
2025-03-15 00:00:00,OPEN_LONG,84297.14,0.011862798666716332,1000.0,BUY,,,
2025-03-15 01:00:00,CLOSE_LONG,84353.85,0.011862798666716332,,,-1.327933426922641,DAILY_LOSS_STOP,9089.375344175804
2025-03-16 11:00:00,OPEN_SHORT,82410.02,0.012134446757809305,1000.0,SELL,,,
2025-03-17 00:00:00,CLOSE_SHORT,83054.91,0.012134446757809305,,,-9.833208753013196,DAILY_LOSS_STOP,9079.542135422791
2025-03-18 04:00:00,OPEN_SHORT,82989.11,0.01204977375947278,1000.0,SELL,,,
2025-03-19 00:00:00,CLOSE_SHORT,83118.0,0.01204977375947278,,,-3.55464843519826,DAILY_LOSS_STOP,9075.987486987593
2025-03-20 00:00:00,OPEN_LONG,86017.68,0.011625516986740402,1000.0,BUY,,,
2025-03-20 01:00:00,CLOSE_LONG,85867.96,0.011625516986740402,,,-3.7388318308511543,DAILY_LOSS_STOP,9072.248655156742
2025-03-21 00:00:00,OPEN_SHORT,84507.07,0.01183332944805683,1000.0,SELL,,,
2025-03-22 00:00:00,CLOSE_SHORT,84206.24,0.01183332944805683,,,1.5633803183568489,DAILY_LOSS_STOP,9073.812035475099
2025-03-23 00:00:00,OPEN_SHORT,84007.0,0.011903769923934911,1000.0,SELL,,,
2025-03-24 00:00:00,CLOSE_SHORT,86021.74,0.011903769923934911,,,-26.0069844179651,DAILY_LOSS_STOP,9047.805051057134
2025-03-25 10:00:00,OPEN_SHORT,87130.14,0.011477084737841578,1000.0,SELL,,,
2025-03-26 00:00:00,CLOSE_SHORT,87652.0,0.011477084737841578,,,-7.995420872731188,DAILY_LOSS_STOP,9039.809630184403
2025-03-27 00:00:00,OPEN_SHORT,87285.29,0.011456684167515512,1000.0,SELL,,,
2025-03-28 00:00:00,CLOSE_SHORT,87354.01,0.011456684167515512,,,-2.7880906393274927,DAILY_LOSS_STOP,9037.021539545076
2025-03-29 00:00:00,OPEN_SHORT,84396.89,0.011848777840036523,1000.0,SELL,,,
2025-03-30 00:00:00,CLOSE_SHORT,82799.73,0.011848777840036523,,,16.94331840900793,DAILY_LOSS_STOP,9053.964857954084
2025-03-31 00:00:00,OPEN_SHORT,81646.89,0.012247863941908872,1000.0,SELL,,,
2025-04-01 00:00:00,CLOSE_SHORT,82651.1,0.012247863941908872,,,-14.311726876553394,DAILY_LOSS_STOP,9039.653131077532
2025-04-02 00:00:00,OPEN_LONG,84964.49,0.011769622815366748,1000.0,BUY,,,
2025-04-02 01:00:00,CLOSE_LONG,85147.3,0.011769622815366748,,,0.1494531421303691,DAILY_LOSS_STOP,9039.802584219662
2025-04-03 00:00:00,OPEN_SHORT,83227.55,0.012015252161093292,1000.0,SELL,,,
2025-04-04 00:00:00,CLOSE_SHORT,83046.32,0.012015252161093292,,,0.1797016733040664,DAILY_LOSS_STOP,9039.982285892966
2025-04-05 18:00:00,OPEN_SHORT,83036.13,0.012042950460239416,1000.0,SELL,,,
2025-04-06 00:00:00,CLOSE_SHORT,83527.22,0.012042950460239416,,,-7.920086714060403,DAILY_LOSS_STOP,9032.062199178905
2025-04-07 00:00:00,OPEN_SHORT,78327.87,0.012766847866538438,1000.0,SELL,,,
2025-04-08 00:00:00,CLOSE_SHORT,79020.04,0.012766847866538438,,,-10.84566591686962,DAILY_LOSS_STOP,9021.216533262035
2025-04-09 00:00:00,OPEN_SHORT,76522.07,0.013068125313389979,1000.0,SELL,,,
2025-04-09 17:00:00,CLOSE_SHORT,82202.16,0.013068125313389979,,,-76.30235603924461,SIGNAL_REVERSE,8944.91417722279
2025-04-09 18:00:00,OPEN_LONG,81788.37,0.01222667721584377,1000.0,BUY,,,
2025-04-09 19:00:00,CLOSE_LONG,82332.08,0.01222667721584377,,,4.641118902357448,DAILY_LOSS_STOP,8949.555296125149
2025-04-10 00:00:00,OPEN_LONG,82352.85,0.012142870586749578,1000.0,BUY,,,
2025-04-10 01:00:00,CLOSE_LONG,82249.29,0.012142870586749578,,,-3.2562581622858033,DAILY_LOSS_STOP,8946.299037962863
2025-04-11 00:00:00,OPEN_SHORT,79043.48,0.01265126484815699,1000.0,SELL,,,
2025-04-11 13:00:00,CLOSE_SHORT,82930.67,0.01265126484815699,,,-51.227048075312496,SIGNAL_REVERSE,8895.07198988755
2025-04-11 15:00:00,OPEN_LONG,82521.74,0.01211801883964153,1000.0,BUY,,,
2025-04-11 16:00:00,CLOSE_LONG,82792.46,0.01211801883964153,,,1.2773094702076833,DAILY_LOSS_STOP,8896.349299357758
2025-04-12 00:00:00,OPEN_LONG,83369.08,0.011994854687133407,1000.0,BUY,,,
2025-04-12 01:00:00,CLOSE_LONG,83217.39,0.011994854687133407,,,-3.817680007983654,DAILY_LOSS_STOP,8892.531619349775
2025-04-13 00:00:00,OPEN_LONG,85495.72,0.011696491941350981,1000.0,BUY,,,
2025-04-13 01:00:00,CLOSE_LONG,85259.77,0.011696491941350981,,,-4.757027486287939,DAILY_LOSS_STOP,8887.774591863486
2025-04-14 00:00:00,OPEN_SHORT,84325.74,0.011858775268381873,1000.0,SELL,,,
2025-04-14 16:00:00,CLOSE_SHORT,84341.99,0.011858775268381873,,,-2.192897803209121,SIGNAL_REVERSE,8885.581694060278
2025-04-16 00:00:00,OPEN_SHORT,83146.01,0.012027035332182507,1000.0,SELL,,,
2025-04-16 00:00:00,CLOSE_SHORT,83146.01,0.012027035332182507,,,-1.9999999999998863,END_OF_BACKTEST,8883.581694060278
